Year,Zone,Sex,Age Group,Population,Hypertension Count,Prevalence Rate %
01/01/2000 12:00:00 AM,Central,F,20 to 29,23475,315,1.34
01/01/2000 12:00:00 AM,Central,F,30 to 39,29410,1349,4.59
01/01/2000 12:00:00 AM,Central,F,40 to 49,29328,3182,10.85
01/01/2000 12:00:00 AM,Central,F,50 to 59,21582,5863,27.17
01/01/2000 12:00:00 AM,Central,F,60 to 69,13577,6260,46.11
01/01/2000 12:00:00 AM,Central,F,70 to 79,11175,6835,61.16
01/01/2000 12:00:00 AM,Central,F,80 +,7973,5270,66.1
01/01/2000 12:00:00 AM,Central,M,20 to 29,22118,243,1.1
01/01/2000 12:00:00 AM,Central,M,30 to 39,26849,1153,4.29
01/01/2000 12:00:00 AM,Central,M,40 to 49,27221,2919,10.72
01/01/2000 12:00:00 AM,Central,M,50 to 59,20608,5075,24.63
01/01/2000 12:00:00 AM,Central,M,60 to 69,12718,5282,41.53
01/01/2000 12:00:00 AM,Central,M,70 to 79,8289,4527,54.61
01/01/2000 12:00:00 AM,Central,M,80 +,3798,2166,57.03
01/01/2000 12:00:00 AM,Eastern,F,20 to 29,8569,159,1.86
01/01/2000 12:00:00 AM,Eastern,F,30 to 39,11131,712,6.4
01/01/2000 12:00:00 AM,Eastern,F,40 to 49,13870,2035,14.67
01/01/2000 12:00:00 AM,Eastern,F,50 to 59,11414,3664,32.1
01/01/2000 12:00:00 AM,Eastern,F,60 to 69,7950,3822,48.08
01/01/2000 12:00:00 AM,Eastern,F,70 to 79,6336,3963,62.55
01/01/2000 12:00:00 AM,Eastern,F,80 +,5273,3377,64.04
01/01/2000 12:00:00 AM,Eastern,M,20 to 29,8517,136,1.6
01/01/2000 12:00:00 AM,Eastern,M,30 to 39,10854,606,5.58
01/01/2000 12:00:00 AM,Eastern,M,40 to 49,13629,1841,13.51
01/01/2000 12:00:00 AM,Eastern,M,50 to 59,11828,3218,27.21
01/01/2000 12:00:00 AM,Eastern,M,60 to 69,7718,3231,41.86
01/01/2000 12:00:00 AM,Eastern,M,70 to 79,5072,2757,54.36
01/01/2000 12:00:00 AM,Eastern,M,80 +,2706,1451,53.62
01/01/2000 12:00:00 AM,Northern,F,20 to 29,8460,158,1.87
01/01/2000 12:00:00 AM,Northern,F,30 to 39,10816,634,5.86
01/01/2000 12:00:00 AM,Northern,F,40 to 49,12084,1666,13.79
01/01/2000 12:00:00 AM,Northern,F,50 to 59,9758,3039,31.14
01/01/2000 12:00:00 AM,Northern,F,60 to 69,6507,3145,48.33
01/01/2000 12:00:00 AM,Northern,F,70 to 79,5545,3489,62.92
01/01/2000 12:00:00 AM,Northern,F,80 +,4436,2924,65.92
01/01/2000 12:00:00 AM,Northern,M,20 to 29,8313,129,1.55
01/01/2000 12:00:00 AM,Northern,M,30 to 39,10497,574,5.47
01/01/2000 12:00:00 AM,Northern,M,40 to 49,11934,1511,12.66
01/01/2000 12:00:00 AM,Northern,M,50 to 59,10018,2681,26.76
01/01/2000 12:00:00 AM,Northern,M,60 to 69,6371,2675,41.99
01/01/2000 12:00:00 AM,Northern,M,70 to 79,4332,2315,53.44
01/01/2000 12:00:00 AM,Northern,M,80 +,2220,1269,57.16
01/01/2000 12:00:00 AM,Unknown,F,20 to 29,12660,119,0.94
01/01/2000 12:00:00 AM,Unknown,F,30 to 39,10151,294,2.9
01/01/2000 12:00:00 AM,Unknown,F,40 to 49,7285,666,9.14
01/01/2000 12:00:00 AM,Unknown,F,50 to 59,4797,1160,24.18
01/01/2000 12:00:00 AM,Unknown,F,60 to 69,2886,1152,39.92
01/01/2000 12:00:00 AM,Unknown,F,70 to 79,2244,1300,57.93
01/01/2000 12:00:00 AM,Unknown,F,80 +,1639,975,59.49
01/01/2000 12:00:00 AM,Unknown,M,20 to 29,12458,125,1
01/01/2000 12:00:00 AM,Unknown,M,30 to 39,9211,332,3.6
01/01/2000 12:00:00 AM,Unknown,M,40 to 49,6814,616,9.04
01/01/2000 12:00:00 AM,Unknown,M,50 to 59,4584,996,21.73
01/01/2000 12:00:00 AM,Unknown,M,60 to 69,2738,946,34.55
01/01/2000 12:00:00 AM,Unknown,M,70 to 79,1606,717,44.65
01/01/2000 12:00:00 AM,Unknown,M,80 +,805,396,49.19
01/01/2000 12:00:00 AM,Western,F,20 to 29,10324,206,2
01/01/2000 12:00:00 AM,Western,F,30 to 39,14307,734,5.13
01/01/2000 12:00:00 AM,Western,F,40 to 49,16498,1931,11.7
01/01/2000 12:00:00 AM,Western,F,50 to 59,13854,3957,28.56
01/01/2000 12:00:00 AM,Western,F,60 to 69,9392,4231,45.05
01/01/2000 12:00:00 AM,Western,F,70 to 79,7542,4465,59.2
01/01/2000 12:00:00 AM,Western,F,80 +,6034,3639,60.31
01/01/2000 12:00:00 AM,Western,M,20 to 29,10216,113,1.11
01/01/2000 12:00:00 AM,Western,M,30 to 39,13831,639,4.62
01/01/2000 12:00:00 AM,Western,M,40 to 49,15993,1787,11.17
01/01/2000 12:00:00 AM,Western,M,50 to 59,13771,3263,23.69
01/01/2000 12:00:00 AM,Western,M,60 to 69,9321,3472,37.25
01/01/2000 12:00:00 AM,Western,M,70 to 79,6367,3083,48.42
01/01/2000 12:00:00 AM,Western,M,80 +,3440,1652,48.02
01/01/2001 12:00:00 AM,Central,F,20 to 29,23533,326,1.39
01/01/2001 12:00:00 AM,Central,F,30 to 39,29177,1463,5.01
01/01/2001 12:00:00 AM,Central,F,40 to 49,30288,3492,11.53
01/01/2001 12:00:00 AM,Central,F,50 to 59,22571,6346,28.12
01/01/2001 12:00:00 AM,Central,F,60 to 69,13941,6738,48.33
01/01/2001 12:00:00 AM,Central,F,70 to 79,11226,7162,63.8
01/01/2001 12:00:00 AM,Central,F,80 +,8302,5722,68.92
01/01/2001 12:00:00 AM,Central,M,20 to 29,22276,272,1.22
01/01/2001 12:00:00 AM,Central,M,30 to 39,26681,1198,4.49
01/01/2001 12:00:00 AM,Central,M,40 to 49,28299,3250,11.48
01/01/2001 12:00:00 AM,Central,M,50 to 59,21391,5494,25.68
01/01/2001 12:00:00 AM,Central,M,60 to 69,13065,5673,43.42
01/01/2001 12:00:00 AM,Central,M,70 to 79,8454,4844,57.3
01/01/2001 12:00:00 AM,Central,M,80 +,4085,2434,59.58
01/01/2001 12:00:00 AM,Eastern,F,20 to 29,8406,168,2
01/01/2001 12:00:00 AM,Eastern,F,30 to 39,10821,732,6.76
01/01/2001 12:00:00 AM,Eastern,F,40 to 49,13904,2197,15.8
01/01/2001 12:00:00 AM,Eastern,F,50 to 59,11806,3946,33.42
01/01/2001 12:00:00 AM,Eastern,F,60 to 69,8076,4096,50.72
01/01/2001 12:00:00 AM,Eastern,F,70 to 79,6309,4099,64.97
01/01/2001 12:00:00 AM,Eastern,F,80 +,5382,3636,67.56
01/01/2001 12:00:00 AM,Eastern,M,20 to 29,8334,137,1.64
01/01/2001 12:00:00 AM,Eastern,M,30 to 39,10551,606,5.74
01/01/2001 12:00:00 AM,Eastern,M,40 to 49,13608,1976,14.52
01/01/2001 12:00:00 AM,Eastern,M,50 to 59,12161,3482,28.63
01/01/2001 12:00:00 AM,Eastern,M,60 to 69,7872,3496,44.41
01/01/2001 12:00:00 AM,Eastern,M,70 to 79,5139,2929,57
01/01/2001 12:00:00 AM,Eastern,M,80 +,2734,1589,58.12
01/01/2001 12:00:00 AM,Northern,F,20 to 29,8286,161,1.94
01/01/2001 12:00:00 AM,Northern,F,30 to 39,10577,658,6.22
01/01/2001 12:00:00 AM,Northern,F,40 to 49,12314,1840,14.94
01/01/2001 12:00:00 AM,Northern,F,50 to 59,10070,3276,32.53
01/01/2001 12:00:00 AM,Northern,F,60 to 69,6655,3356,50.43
01/01/2001 12:00:00 AM,Northern,F,70 to 79,5511,3585,65.05
01/01/2001 12:00:00 AM,Northern,F,80 +,4554,3168,69.57
01/01/2001 12:00:00 AM,Northern,M,20 to 29,8113,121,1.49
01/01/2001 12:00:00 AM,Northern,M,30 to 39,10363,635,6.13
01/01/2001 12:00:00 AM,Northern,M,40 to 49,12008,1664,13.86
01/01/2001 12:00:00 AM,Northern,M,50 to 59,10388,2949,28.39
01/01/2001 12:00:00 AM,Northern,M,60 to 69,6522,2896,44.4
01/01/2001 12:00:00 AM,Northern,M,70 to 79,4370,2441,55.86
01/01/2001 12:00:00 AM,Northern,M,80 +,2323,1436,61.82
01/01/2001 12:00:00 AM,Unknown,F,20 to 29,12168,118,0.97
01/01/2001 12:00:00 AM,Unknown,F,30 to 39,9849,316,3.21
01/01/2001 12:00:00 AM,Unknown,F,40 to 49,7224,682,9.44
01/01/2001 12:00:00 AM,Unknown,F,50 to 59,4862,1220,25.09
01/01/2001 12:00:00 AM,Unknown,F,60 to 69,2846,1188,41.74
01/01/2001 12:00:00 AM,Unknown,F,70 to 79,2208,1326,60.05
01/01/2001 12:00:00 AM,Unknown,F,80 +,1638,1056,64.47
01/01/2001 12:00:00 AM,Unknown,M,20 to 29,12169,122,1
01/01/2001 12:00:00 AM,Unknown,M,30 to 39,9012,337,3.74
01/01/2001 12:00:00 AM,Unknown,M,40 to 49,6831,650,9.52
01/01/2001 12:00:00 AM,Unknown,M,50 to 59,4661,1047,22.46
01/01/2001 12:00:00 AM,Unknown,M,60 to 69,2751,1039,37.77
01/01/2001 12:00:00 AM,Unknown,M,70 to 79,1565,747,47.73
01/01/2001 12:00:00 AM,Unknown,M,80 +,791,409,51.71
01/01/2001 12:00:00 AM,Western,F,20 to 29,10088,208,2.06
01/01/2001 12:00:00 AM,Western,F,30 to 39,13901,786,5.65
01/01/2001 12:00:00 AM,Western,F,40 to 49,16752,2067,12.34
01/01/2001 12:00:00 AM,Western,F,50 to 59,14302,4250,29.72
01/01/2001 12:00:00 AM,Western,F,60 to 69,9580,4498,46.95
01/01/2001 12:00:00 AM,Western,F,70 to 79,7548,4637,61.43
01/01/2001 12:00:00 AM,Western,F,80 +,6201,3945,63.62
01/01/2001 12:00:00 AM,Western,M,20 to 29,10038,121,1.21
01/01/2001 12:00:00 AM,Western,M,30 to 39,13346,630,4.72
01/01/2001 12:00:00 AM,Western,M,40 to 49,16202,1929,11.91
01/01/2001 12:00:00 AM,Western,M,50 to 59,14237,3570,25.08
01/01/2001 12:00:00 AM,Western,M,60 to 69,9581,3769,39.34
01/01/2001 12:00:00 AM,Western,M,70 to 79,6431,3256,50.63
01/01/2001 12:00:00 AM,Western,M,80 +,3524,1840,52.21
01/01/2002 12:00:00 AM,Central,F,20 to 29,23760,341,1.44
01/01/2002 12:00:00 AM,Central,F,30 to 39,28856,1490,5.16
01/01/2002 12:00:00 AM,Central,F,40 to 49,31289,3837,12.26
01/01/2002 12:00:00 AM,Central,F,50 to 59,23449,6822,29.09
01/01/2002 12:00:00 AM,Central,F,60 to 69,14443,7192,49.8
01/01/2002 12:00:00 AM,Central,F,70 to 79,11242,7410,65.91
01/01/2002 12:00:00 AM,Central,F,80 +,8555,6107,71.39
01/01/2002 12:00:00 AM,Central,M,20 to 29,22578,299,1.32
01/01/2002 12:00:00 AM,Central,M,30 to 39,26319,1250,4.75
01/01/2002 12:00:00 AM,Central,M,40 to 49,29334,3473,11.84
01/01/2002 12:00:00 AM,Central,M,50 to 59,22282,6062,27.21
01/01/2002 12:00:00 AM,Central,M,60 to 69,13524,6089,45.02
01/01/2002 12:00:00 AM,Central,M,70 to 79,8663,5142,59.36
01/01/2002 12:00:00 AM,Central,M,80 +,4268,2665,62.44
01/01/2002 12:00:00 AM,Eastern,F,20 to 29,8278,177,2.14
01/01/2002 12:00:00 AM,Eastern,F,30 to 39,10419,755,7.25
01/01/2002 12:00:00 AM,Eastern,F,40 to 49,13969,2308,16.52
01/01/2002 12:00:00 AM,Eastern,F,50 to 59,12189,4251,34.88
01/01/2002 12:00:00 AM,Eastern,F,60 to 69,8274,4387,53.02
01/01/2002 12:00:00 AM,Eastern,F,70 to 79,6318,4256,67.36
01/01/2002 12:00:00 AM,Eastern,F,80 +,5448,3902,71.62
01/01/2002 12:00:00 AM,Eastern,M,20 to 29,8302,136,1.64
01/01/2002 12:00:00 AM,Eastern,M,30 to 39,10177,626,6.15
01/01/2002 12:00:00 AM,Eastern,M,40 to 49,13537,2055,15.18
01/01/2002 12:00:00 AM,Eastern,M,50 to 59,12528,3794,30.28
01/01/2002 12:00:00 AM,Eastern,M,60 to 69,8112,3782,46.62
01/01/2002 12:00:00 AM,Eastern,M,70 to 79,5208,3098,59.49
01/01/2002 12:00:00 AM,Eastern,M,80 +,2738,1713,62.56
01/01/2002 12:00:00 AM,Northern,F,20 to 29,8154,175,2.15
01/01/2002 12:00:00 AM,Northern,F,30 to 39,10312,695,6.74
01/01/2002 12:00:00 AM,Northern,F,40 to 49,12446,1956,15.72
01/01/2002 12:00:00 AM,Northern,F,50 to 59,10377,3478,33.52
01/01/2002 12:00:00 AM,Northern,F,60 to 69,6888,3633,52.74
01/01/2002 12:00:00 AM,Northern,F,70 to 79,5522,3726,67.48
01/01/2002 12:00:00 AM,Northern,F,80 +,4608,3339,72.46
01/01/2002 12:00:00 AM,Northern,M,20 to 29,7968,125,1.57
01/01/2002 12:00:00 AM,Northern,M,30 to 39,10194,686,6.73
01/01/2002 12:00:00 AM,Northern,M,40 to 49,12069,1799,14.91
01/01/2002 12:00:00 AM,Northern,M,50 to 59,10630,3165,29.77
01/01/2002 12:00:00 AM,Northern,M,60 to 69,6819,3159,46.33
01/01/2002 12:00:00 AM,Northern,M,70 to 79,4435,2641,59.55
01/01/2002 12:00:00 AM,Northern,M,80 +,2382,1539,64.61
01/01/2002 12:00:00 AM,Unknown,F,20 to 29,11948,120,1
01/01/2002 12:00:00 AM,Unknown,F,30 to 39,9497,337,3.55
01/01/2002 12:00:00 AM,Unknown,F,40 to 49,7259,726,10
01/01/2002 12:00:00 AM,Unknown,F,50 to 59,4964,1269,25.56
01/01/2002 12:00:00 AM,Unknown,F,60 to 69,2895,1258,43.45
01/01/2002 12:00:00 AM,Unknown,F,70 to 79,2091,1279,61.17
01/01/2002 12:00:00 AM,Unknown,F,80 +,1647,1136,68.97
01/01/2002 12:00:00 AM,Unknown,M,20 to 29,11909,119,1
01/01/2002 12:00:00 AM,Unknown,M,30 to 39,8812,344,3.9
01/01/2002 12:00:00 AM,Unknown,M,40 to 49,6876,686,9.98
01/01/2002 12:00:00 AM,Unknown,M,50 to 59,4662,1101,23.62
01/01/2002 12:00:00 AM,Unknown,M,60 to 69,2790,1072,38.42
01/01/2002 12:00:00 AM,Unknown,M,70 to 79,1547,779,50.36
01/01/2002 12:00:00 AM,Unknown,M,80 +,808,461,57.05
01/01/2002 12:00:00 AM,Western,F,20 to 29,9945,217,2.18
01/01/2002 12:00:00 AM,Western,F,30 to 39,13432,811,6.04
01/01/2002 12:00:00 AM,Western,F,40 to 49,16952,2204,13
01/01/2002 12:00:00 AM,Western,F,50 to 59,14674,4577,31.19
01/01/2002 12:00:00 AM,Western,F,60 to 69,9925,4792,48.28
01/01/2002 12:00:00 AM,Western,F,70 to 79,7587,4798,63.24
01/01/2002 12:00:00 AM,Western,F,80 +,6292,4232,67.26
01/01/2002 12:00:00 AM,Western,M,20 to 29,9871,134,1.36
01/01/2002 12:00:00 AM,Western,M,30 to 39,12969,659,5.08
01/01/2002 12:00:00 AM,Western,M,40 to 49,16389,2007,12.25
01/01/2002 12:00:00 AM,Western,M,50 to 59,14601,3856,26.41
01/01/2002 12:00:00 AM,Western,M,60 to 69,9894,4061,41.05
01/01/2002 12:00:00 AM,Western,M,70 to 79,6480,3417,52.73
01/01/2002 12:00:00 AM,Western,M,80 +,3627,2018,55.64
01/01/2003 12:00:00 AM,Central,F,20 to 29,24009,343,1.43
01/01/2003 12:00:00 AM,Central,F,30 to 39,28577,1556,5.44
01/01/2003 12:00:00 AM,Central,F,40 to 49,32038,4156,12.97
01/01/2003 12:00:00 AM,Central,F,50 to 59,24468,7302,29.84
01/01/2003 12:00:00 AM,Central,F,60 to 69,14963,7725,51.63
01/01/2003 12:00:00 AM,Central,F,70 to 79,11307,7677,67.9
01/01/2003 12:00:00 AM,Central,F,80 +,8796,6467,73.52
01/01/2003 12:00:00 AM,Central,M,20 to 29,23124,318,1.38
01/01/2003 12:00:00 AM,Central,M,30 to 39,25977,1285,4.95
01/01/2003 12:00:00 AM,Central,M,40 to 49,30228,3770,12.47
01/01/2003 12:00:00 AM,Central,M,50 to 59,23194,6511,28.07
01/01/2003 12:00:00 AM,Central,M,60 to 69,14068,6521,46.35
01/01/2003 12:00:00 AM,Central,M,70 to 79,8821,5434,61.6
01/01/2003 12:00:00 AM,Central,M,80 +,4392,2816,64.12
01/01/2003 12:00:00 AM,Eastern,F,20 to 29,8227,194,2.36
01/01/2003 12:00:00 AM,Eastern,F,30 to 39,10105,780,7.72
01/01/2003 12:00:00 AM,Eastern,F,40 to 49,13874,2362,17.02
01/01/2003 12:00:00 AM,Eastern,F,50 to 59,12510,4561,36.46
01/01/2003 12:00:00 AM,Eastern,F,60 to 69,8505,4680,55.03
01/01/2003 12:00:00 AM,Eastern,F,70 to 79,6344,4427,69.78
01/01/2003 12:00:00 AM,Eastern,F,80 +,5440,4039,74.25
01/01/2003 12:00:00 AM,Eastern,M,20 to 29,8365,135,1.61
01/01/2003 12:00:00 AM,Eastern,M,30 to 39,9881,654,6.62
01/01/2003 12:00:00 AM,Eastern,M,40 to 49,13370,2101,15.71
01/01/2003 12:00:00 AM,Eastern,M,50 to 59,12903,4048,31.37
01/01/2003 12:00:00 AM,Eastern,M,60 to 69,8418,4176,49.61
01/01/2003 12:00:00 AM,Eastern,M,70 to 79,5186,3229,62.26
01/01/2003 12:00:00 AM,Eastern,M,80 +,2793,1831,65.56
01/01/2003 12:00:00 AM,Northern,F,20 to 29,8056,171,2.12
01/01/2003 12:00:00 AM,Northern,F,30 to 39,10142,727,7.17
01/01/2003 12:00:00 AM,Northern,F,40 to 49,12463,2076,16.66
01/01/2003 12:00:00 AM,Northern,F,50 to 59,10797,3732,34.57
01/01/2003 12:00:00 AM,Northern,F,60 to 69,7121,3858,54.18
01/01/2003 12:00:00 AM,Northern,F,70 to 79,5523,3820,69.17
01/01/2003 12:00:00 AM,Northern,F,80 +,4623,3468,75.02
01/01/2003 12:00:00 AM,Northern,M,20 to 29,7969,133,1.67
01/01/2003 12:00:00 AM,Northern,M,30 to 39,9905,683,6.9
01/01/2003 12:00:00 AM,Northern,M,40 to 49,12166,1847,15.18
01/01/2003 12:00:00 AM,Northern,M,50 to 59,10946,3378,30.86
01/01/2003 12:00:00 AM,Northern,M,60 to 69,7112,3392,47.69
01/01/2003 12:00:00 AM,Northern,M,70 to 79,4510,2809,62.28
01/01/2003 12:00:00 AM,Northern,M,80 +,2398,1631,68.02
01/01/2003 12:00:00 AM,Unknown,F,20 to 29,12041,127,1.05
01/01/2003 12:00:00 AM,Unknown,F,30 to 39,9096,350,3.85
01/01/2003 12:00:00 AM,Unknown,F,40 to 49,7260,729,10.04
01/01/2003 12:00:00 AM,Unknown,F,50 to 59,5053,1328,26.28
01/01/2003 12:00:00 AM,Unknown,F,60 to 69,2966,1313,44.27
01/01/2003 12:00:00 AM,Unknown,F,70 to 79,2021,1269,62.79
01/01/2003 12:00:00 AM,Unknown,F,80 +,1620,1141,70.43
01/01/2003 12:00:00 AM,Unknown,M,20 to 29,11788,113,0.96
01/01/2003 12:00:00 AM,Unknown,M,30 to 39,8546,361,4.22
01/01/2003 12:00:00 AM,Unknown,M,40 to 49,6974,698,10.01
01/01/2003 12:00:00 AM,Unknown,M,50 to 59,4683,1128,24.09
01/01/2003 12:00:00 AM,Unknown,M,60 to 69,2789,1109,39.76
01/01/2003 12:00:00 AM,Unknown,M,70 to 79,1554,832,53.54
01/01/2003 12:00:00 AM,Unknown,M,80 +,803,466,58.03
01/01/2003 12:00:00 AM,Western,F,20 to 29,9884,226,2.29
01/01/2003 12:00:00 AM,Western,F,30 to 39,12881,820,6.37
01/01/2003 12:00:00 AM,Western,F,40 to 49,17201,2421,14.07
01/01/2003 12:00:00 AM,Western,F,50 to 59,15074,4836,32.08
01/01/2003 12:00:00 AM,Western,F,60 to 69,10284,5130,49.88
01/01/2003 12:00:00 AM,Western,F,70 to 79,7637,5006,65.55
01/01/2003 12:00:00 AM,Western,F,80 +,6390,4468,69.92
01/01/2003 12:00:00 AM,Western,M,20 to 29,9818,138,1.41
01/01/2003 12:00:00 AM,Western,M,30 to 39,12548,694,5.53
01/01/2003 12:00:00 AM,Western,M,40 to 49,16531,2145,12.98
01/01/2003 12:00:00 AM,Western,M,50 to 59,15003,4175,27.83
01/01/2003 12:00:00 AM,Western,M,60 to 69,10217,4368,42.75
01/01/2003 12:00:00 AM,Western,M,70 to 79,6603,3665,55.51
01/01/2003 12:00:00 AM,Western,M,80 +,3707,2179,58.78
01/01/2004 12:00:00 AM,Central,F,20 to 29,24434,357,1.46
01/01/2004 12:00:00 AM,Central,F,30 to 39,28163,1645,5.84
01/01/2004 12:00:00 AM,Central,F,40 to 49,32658,4410,13.5
01/01/2004 12:00:00 AM,Central,F,50 to 59,25516,7857,30.79
01/01/2004 12:00:00 AM,Central,F,60 to 69,15558,8180,52.58
01/01/2004 12:00:00 AM,Central,F,70 to 79,11394,7908,69.4
01/01/2004 12:00:00 AM,Central,F,80 +,8973,6770,75.45
01/01/2004 12:00:00 AM,Central,M,20 to 29,23630,317,1.34
01/01/2004 12:00:00 AM,Central,M,30 to 39,25732,1307,5.08
01/01/2004 12:00:00 AM,Central,M,40 to 49,30885,4017,13.01
01/01/2004 12:00:00 AM,Central,M,50 to 59,24093,7018,29.13
01/01/2004 12:00:00 AM,Central,M,60 to 69,14630,6993,47.8
01/01/2004 12:00:00 AM,Central,M,70 to 79,9025,5730,63.49
01/01/2004 12:00:00 AM,Central,M,80 +,4542,3019,66.47
01/01/2004 12:00:00 AM,Eastern,F,20 to 29,8142,188,2.31
01/01/2004 12:00:00 AM,Eastern,F,30 to 39,9770,824,8.43
01/01/2004 12:00:00 AM,Eastern,F,40 to 49,13787,2473,17.94
01/01/2004 12:00:00 AM,Eastern,F,50 to 59,12906,4753,36.83
01/01/2004 12:00:00 AM,Eastern,F,60 to 69,8809,5035,57.16
01/01/2004 12:00:00 AM,Eastern,F,70 to 79,6321,4520,71.51
01/01/2004 12:00:00 AM,Eastern,F,80 +,5490,4196,76.43
01/01/2004 12:00:00 AM,Eastern,M,20 to 29,8342,133,1.59
01/01/2004 12:00:00 AM,Eastern,M,30 to 39,9667,692,7.16
01/01/2004 12:00:00 AM,Eastern,M,40 to 49,13168,2165,16.44
01/01/2004 12:00:00 AM,Eastern,M,50 to 59,13366,4386,32.81
01/01/2004 12:00:00 AM,Eastern,M,60 to 69,8627,4422,51.26
01/01/2004 12:00:00 AM,Eastern,M,70 to 79,5228,3359,64.25
01/01/2004 12:00:00 AM,Eastern,M,80 +,2846,1952,68.59
01/01/2004 12:00:00 AM,Northern,F,20 to 29,7978,178,2.23
01/01/2004 12:00:00 AM,Northern,F,30 to 39,9971,740,7.42
01/01/2004 12:00:00 AM,Northern,F,40 to 49,12441,2136,17.17
01/01/2004 12:00:00 AM,Northern,F,50 to 59,11277,4043,35.85
01/01/2004 12:00:00 AM,Northern,F,60 to 69,7298,4068,55.74
01/01/2004 12:00:00 AM,Northern,F,70 to 79,5490,3891,70.87
01/01/2004 12:00:00 AM,Northern,F,80 +,4729,3672,77.65
01/01/2004 12:00:00 AM,Northern,M,20 to 29,8019,129,1.61
01/01/2004 12:00:00 AM,Northern,M,30 to 39,9594,674,7.03
01/01/2004 12:00:00 AM,Northern,M,40 to 49,12228,1998,16.34
01/01/2004 12:00:00 AM,Northern,M,50 to 59,11304,3606,31.9
01/01/2004 12:00:00 AM,Northern,M,60 to 69,7432,3704,49.84
01/01/2004 12:00:00 AM,Northern,M,70 to 79,4545,2952,64.95
01/01/2004 12:00:00 AM,Northern,M,80 +,2477,1728,69.76
01/01/2004 12:00:00 AM,Unknown,F,20 to 29,11999,124,1.03
01/01/2004 12:00:00 AM,Unknown,F,30 to 39,8789,360,4.1
01/01/2004 12:00:00 AM,Unknown,F,40 to 49,7237,729,10.07
01/01/2004 12:00:00 AM,Unknown,F,50 to 59,5158,1377,26.7
01/01/2004 12:00:00 AM,Unknown,F,60 to 69,3033,1373,45.27
01/01/2004 12:00:00 AM,Unknown,F,70 to 79,1963,1276,65
01/01/2004 12:00:00 AM,Unknown,F,80 +,1596,1173,73.5
01/01/2004 12:00:00 AM,Unknown,M,20 to 29,11699,120,1.03
01/01/2004 12:00:00 AM,Unknown,M,30 to 39,8275,353,4.27
01/01/2004 12:00:00 AM,Unknown,M,40 to 49,6954,713,10.25
01/01/2004 12:00:00 AM,Unknown,M,50 to 59,4802,1173,24.43
01/01/2004 12:00:00 AM,Unknown,M,60 to 69,2810,1147,40.82
01/01/2004 12:00:00 AM,Unknown,M,70 to 79,1544,855,55.38
01/01/2004 12:00:00 AM,Unknown,M,80 +,802,486,60.6
01/01/2004 12:00:00 AM,Western,F,20 to 29,9833,213,2.17
01/01/2004 12:00:00 AM,Western,F,30 to 39,12455,829,6.66
01/01/2004 12:00:00 AM,Western,F,40 to 49,17280,2562,14.83
01/01/2004 12:00:00 AM,Western,F,50 to 59,15595,5090,32.64
01/01/2004 12:00:00 AM,Western,F,60 to 69,10608,5415,51.05
01/01/2004 12:00:00 AM,Western,F,70 to 79,7697,5189,67.42
01/01/2004 12:00:00 AM,Western,F,80 +,6433,4614,71.72
01/01/2004 12:00:00 AM,Western,M,20 to 29,9784,151,1.54
01/01/2004 12:00:00 AM,Western,M,30 to 39,12111,669,5.52
01/01/2004 12:00:00 AM,Western,M,40 to 49,16601,2301,13.86
01/01/2004 12:00:00 AM,Western,M,50 to 59,15411,4502,29.21
01/01/2004 12:00:00 AM,Western,M,60 to 69,10560,4681,44.33
01/01/2004 12:00:00 AM,Western,M,70 to 79,6736,3893,57.79
01/01/2004 12:00:00 AM,Western,M,80 +,3746,2271,60.62
01/01/2005 12:00:00 AM,Central,F,20 to 29,24753,380,1.54
01/01/2005 12:00:00 AM,Central,F,30 to 39,28195,1664,5.9
01/01/2005 12:00:00 AM,Central,F,40 to 49,32938,4650,14.12
01/01/2005 12:00:00 AM,Central,F,50 to 59,26659,8435,31.64
01/01/2005 12:00:00 AM,Central,F,60 to 69,16270,8730,53.66
01/01/2005 12:00:00 AM,Central,F,70 to 79,11350,8042,70.85
01/01/2005 12:00:00 AM,Central,F,80 +,9150,7033,76.86
01/01/2005 12:00:00 AM,Central,M,20 to 29,24081,366,1.52
01/01/2005 12:00:00 AM,Central,M,30 to 39,25711,1359,5.29
01/01/2005 12:00:00 AM,Central,M,40 to 49,31304,4300,13.74
01/01/2005 12:00:00 AM,Central,M,50 to 59,25057,7510,29.97
01/01/2005 12:00:00 AM,Central,M,60 to 69,15285,7497,49.05
01/01/2005 12:00:00 AM,Central,M,70 to 79,9255,6025,65.1
01/01/2005 12:00:00 AM,Central,M,80 +,4656,3204,68.81
01/01/2005 12:00:00 AM,Eastern,F,20 to 29,8113,179,2.21
01/01/2005 12:00:00 AM,Eastern,F,30 to 39,9580,868,9.06
01/01/2005 12:00:00 AM,Eastern,F,40 to 49,13574,2555,18.82
01/01/2005 12:00:00 AM,Eastern,F,50 to 59,13299,5066,38.09
01/01/2005 12:00:00 AM,Eastern,F,60 to 69,9035,5296,58.62
01/01/2005 12:00:00 AM,Eastern,F,70 to 79,6373,4660,73.12
01/01/2005 12:00:00 AM,Eastern,F,80 +,5483,4330,78.97
01/01/2005 12:00:00 AM,Eastern,M,20 to 29,8310,147,1.77
01/01/2005 12:00:00 AM,Eastern,M,30 to 39,9547,706,7.39
01/01/2005 12:00:00 AM,Eastern,M,40 to 49,12926,2269,17.55
01/01/2005 12:00:00 AM,Eastern,M,50 to 59,13605,4620,33.96
01/01/2005 12:00:00 AM,Eastern,M,60 to 69,8907,4708,52.86
01/01/2005 12:00:00 AM,Eastern,M,70 to 79,5336,3515,65.87
01/01/2005 12:00:00 AM,Eastern,M,80 +,2874,2055,71.5
01/01/2005 12:00:00 AM,Northern,F,20 to 29,7959,194,2.44
01/01/2005 12:00:00 AM,Northern,F,30 to 39,9740,748,7.68
01/01/2005 12:00:00 AM,Northern,F,40 to 49,12434,2190,17.61
01/01/2005 12:00:00 AM,Northern,F,50 to 59,11577,4248,36.69
01/01/2005 12:00:00 AM,Northern,F,60 to 69,7581,4299,56.71
01/01/2005 12:00:00 AM,Northern,F,70 to 79,5507,3962,71.94
01/01/2005 12:00:00 AM,Northern,F,80 +,4788,3821,79.8
01/01/2005 12:00:00 AM,Northern,M,20 to 29,7973,137,1.72
01/01/2005 12:00:00 AM,Northern,M,30 to 39,9445,691,7.32
01/01/2005 12:00:00 AM,Northern,M,40 to 49,12143,2101,17.3
01/01/2005 12:00:00 AM,Northern,M,50 to 59,11612,3820,32.9
01/01/2005 12:00:00 AM,Northern,M,60 to 69,7671,3927,51.19
01/01/2005 12:00:00 AM,Northern,M,70 to 79,4641,3057,65.87
01/01/2005 12:00:00 AM,Northern,M,80 +,2527,1794,70.99
01/01/2005 12:00:00 AM,Unknown,F,20 to 29,11830,121,1.02
01/01/2005 12:00:00 AM,Unknown,F,30 to 39,8521,391,4.59
01/01/2005 12:00:00 AM,Unknown,F,40 to 49,7143,748,10.47
01/01/2005 12:00:00 AM,Unknown,F,50 to 59,5194,1395,26.86
01/01/2005 12:00:00 AM,Unknown,F,60 to 69,3091,1436,46.46
01/01/2005 12:00:00 AM,Unknown,F,70 to 79,1855,1235,66.58
01/01/2005 12:00:00 AM,Unknown,F,80 +,1595,1199,75.17
01/01/2005 12:00:00 AM,Unknown,M,20 to 29,11520,116,1.01
01/01/2005 12:00:00 AM,Unknown,M,30 to 39,7955,362,4.55
01/01/2005 12:00:00 AM,Unknown,M,40 to 49,6878,742,10.79
01/01/2005 12:00:00 AM,Unknown,M,50 to 59,4848,1204,24.83
01/01/2005 12:00:00 AM,Unknown,M,60 to 69,2826,1186,41.97
01/01/2005 12:00:00 AM,Unknown,M,70 to 79,1529,875,57.23
01/01/2005 12:00:00 AM,Unknown,M,80 +,799,505,63.2
01/01/2005 12:00:00 AM,Western,F,20 to 29,9806,203,2.07
01/01/2005 12:00:00 AM,Western,F,30 to 39,12087,831,6.88
01/01/2005 12:00:00 AM,Western,F,40 to 49,17219,2736,15.89
01/01/2005 12:00:00 AM,Western,F,50 to 59,15987,5325,33.31
01/01/2005 12:00:00 AM,Western,F,60 to 69,11042,5745,52.03
01/01/2005 12:00:00 AM,Western,F,70 to 79,7757,5359,69.09
01/01/2005 12:00:00 AM,Western,F,80 +,6468,4798,74.18
01/01/2005 12:00:00 AM,Western,M,20 to 29,9726,144,1.48
01/01/2005 12:00:00 AM,Western,M,30 to 39,11861,709,5.98
01/01/2005 12:00:00 AM,Western,M,40 to 49,16500,2420,14.67
01/01/2005 12:00:00 AM,Western,M,50 to 59,15692,4758,30.32
01/01/2005 12:00:00 AM,Western,M,60 to 69,10950,5062,46.23
01/01/2005 12:00:00 AM,Western,M,70 to 79,6875,4068,59.17
01/01/2005 12:00:00 AM,Western,M,80 +,3828,2437,63.66
01/01/2006 12:00:00 AM,Central,F,20 to 29,25210,400,1.59
01/01/2006 12:00:00 AM,Central,F,30 to 39,28270,1705,6.03
01/01/2006 12:00:00 AM,Central,F,40 to 49,33209,4844,14.59
01/01/2006 12:00:00 AM,Central,F,50 to 59,27306,8685,31.81
01/01/2006 12:00:00 AM,Central,F,60 to 69,17388,9315,53.57
01/01/2006 12:00:00 AM,Central,F,70 to 79,11409,8229,72.13
01/01/2006 12:00:00 AM,Central,F,80 +,9433,7370,78.13
01/01/2006 12:00:00 AM,Central,M,20 to 29,24563,379,1.54
01/01/2006 12:00:00 AM,Central,M,30 to 39,25865,1427,5.52
01/01/2006 12:00:00 AM,Central,M,40 to 49,31540,4479,14.2
01/01/2006 12:00:00 AM,Central,M,50 to 59,25813,7902,30.61
01/01/2006 12:00:00 AM,Central,M,60 to 69,16324,8169,50.04
01/01/2006 12:00:00 AM,Central,M,70 to 79,9507,6325,66.53
01/01/2006 12:00:00 AM,Central,M,80 +,4813,3429,71.24
01/01/2006 12:00:00 AM,Eastern,F,20 to 29,8078,195,2.41
01/01/2006 12:00:00 AM,Eastern,F,30 to 39,9373,857,9.14
01/01/2006 12:00:00 AM,Eastern,F,40 to 49,13293,2619,19.7
01/01/2006 12:00:00 AM,Eastern,F,50 to 59,13417,5183,38.63
01/01/2006 12:00:00 AM,Eastern,F,60 to 69,9509,5595,58.84
01/01/2006 12:00:00 AM,Eastern,F,70 to 79,6518,4853,74.46
01/01/2006 12:00:00 AM,Eastern,F,80 +,5494,4409,80.25
01/01/2006 12:00:00 AM,Eastern,M,20 to 29,8281,159,1.92
01/01/2006 12:00:00 AM,Eastern,M,30 to 39,9297,719,7.73
01/01/2006 12:00:00 AM,Eastern,M,40 to 49,12642,2300,18.19
01/01/2006 12:00:00 AM,Eastern,M,50 to 59,13667,4786,35.02
01/01/2006 12:00:00 AM,Eastern,M,60 to 69,9448,5139,54.39
01/01/2006 12:00:00 AM,Eastern,M,70 to 79,5434,3655,67.26
01/01/2006 12:00:00 AM,Eastern,M,80 +,2853,2084,73.05
01/01/2006 12:00:00 AM,Northern,F,20 to 29,7825,180,2.3
01/01/2006 12:00:00 AM,Northern,F,30 to 39,9646,748,7.75
01/01/2006 12:00:00 AM,Northern,F,40 to 49,12365,2202,17.81
01/01/2006 12:00:00 AM,Northern,F,50 to 59,11720,4310,36.77
01/01/2006 12:00:00 AM,Northern,F,60 to 69,8034,4627,57.59
01/01/2006 12:00:00 AM,Northern,F,70 to 79,5535,3998,72.23
01/01/2006 12:00:00 AM,Northern,F,80 +,4834,3921,81.11
01/01/2006 12:00:00 AM,Northern,M,20 to 29,7840,148,1.89
01/01/2006 12:00:00 AM,Northern,M,30 to 39,9381,688,7.33
01/01/2006 12:00:00 AM,Northern,M,40 to 49,11988,2152,17.95
01/01/2006 12:00:00 AM,Northern,M,50 to 59,11752,3962,33.71
01/01/2006 12:00:00 AM,Northern,M,60 to 69,8189,4290,52.39
01/01/2006 12:00:00 AM,Northern,M,70 to 79,4743,3189,67.24
01/01/2006 12:00:00 AM,Northern,M,80 +,2580,1896,73.49
01/01/2006 12:00:00 AM,Unknown,F,20 to 29,11597,124,1.07
01/01/2006 12:00:00 AM,Unknown,F,30 to 39,8101,358,4.42
01/01/2006 12:00:00 AM,Unknown,F,40 to 49,6850,717,10.47
01/01/2006 12:00:00 AM,Unknown,F,50 to 59,5194,1374,26.45
01/01/2006 12:00:00 AM,Unknown,F,60 to 69,3227,1497,46.39
01/01/2006 12:00:00 AM,Unknown,F,70 to 79,1786,1218,68.2
01/01/2006 12:00:00 AM,Unknown,F,80 +,1653,1252,75.74
01/01/2006 12:00:00 AM,Unknown,M,20 to 29,11045,111,1
01/01/2006 12:00:00 AM,Unknown,M,30 to 39,7523,370,4.92
01/01/2006 12:00:00 AM,Unknown,M,40 to 49,6678,755,11.31
01/01/2006 12:00:00 AM,Unknown,M,50 to 59,4806,1167,24.28
01/01/2006 12:00:00 AM,Unknown,M,60 to 69,2950,1269,43.02
01/01/2006 12:00:00 AM,Unknown,M,70 to 79,1516,894,58.97
01/01/2006 12:00:00 AM,Unknown,M,80 +,791,501,63.34
01/01/2006 12:00:00 AM,Western,F,20 to 29,9771,208,2.13
01/01/2006 12:00:00 AM,Western,F,30 to 39,11942,846,7.08
01/01/2006 12:00:00 AM,Western,F,40 to 49,16908,2783,16.46
01/01/2006 12:00:00 AM,Western,F,50 to 59,16158,5435,33.64
01/01/2006 12:00:00 AM,Western,F,60 to 69,11768,6273,53.31
01/01/2006 12:00:00 AM,Western,F,70 to 79,7823,5497,70.27
01/01/2006 12:00:00 AM,Western,F,80 +,6563,4993,76.08
01/01/2006 12:00:00 AM,Western,M,20 to 29,9683,157,1.62
01/01/2006 12:00:00 AM,Western,M,30 to 39,11610,738,6.36
01/01/2006 12:00:00 AM,Western,M,40 to 49,16279,2501,15.36
01/01/2006 12:00:00 AM,Western,M,50 to 59,15847,4959,31.29
01/01/2006 12:00:00 AM,Western,M,60 to 69,11539,5514,47.79
01/01/2006 12:00:00 AM,Western,M,70 to 79,7061,4285,60.69
01/01/2006 12:00:00 AM,Western,M,80 +,3886,2575,66.26
01/01/2007 12:00:00 AM,Central,F,20 to 29,25666,379,1.48
01/01/2007 12:00:00 AM,Central,F,30 to 39,28473,1718,6.03
01/01/2007 12:00:00 AM,Central,F,40 to 49,33352,4968,14.9
01/01/2007 12:00:00 AM,Central,F,50 to 59,27916,8857,31.73
01/01/2007 12:00:00 AM,Central,F,60 to 69,18623,9994,53.66
01/01/2007 12:00:00 AM,Central,F,70 to 79,11507,8377,72.8
01/01/2007 12:00:00 AM,Central,F,80 +,9594,7661,79.85
01/01/2007 12:00:00 AM,Central,M,20 to 29,24866,399,1.6
01/01/2007 12:00:00 AM,Central,M,30 to 39,26160,1483,5.67
01/01/2007 12:00:00 AM,Central,M,40 to 49,31446,4566,14.52
01/01/2007 12:00:00 AM,Central,M,50 to 59,26601,8283,31.14
01/01/2007 12:00:00 AM,Central,M,60 to 69,17445,8865,50.82
01/01/2007 12:00:00 AM,Central,M,70 to 79,9706,6598,67.98
01/01/2007 12:00:00 AM,Central,M,80 +,4950,3630,73.33
01/01/2007 12:00:00 AM,Eastern,F,20 to 29,8028,177,2.2
01/01/2007 12:00:00 AM,Eastern,F,30 to 39,9261,842,9.09
01/01/2007 12:00:00 AM,Eastern,F,40 to 49,12836,2618,20.4
01/01/2007 12:00:00 AM,Eastern,F,50 to 59,13590,5236,38.53
01/01/2007 12:00:00 AM,Eastern,F,60 to 69,10062,6029,59.92
01/01/2007 12:00:00 AM,Eastern,F,70 to 79,6547,4958,75.73
01/01/2007 12:00:00 AM,Eastern,F,80 +,5517,4529,82.09
01/01/2007 12:00:00 AM,Eastern,M,20 to 29,8321,162,1.95
01/01/2007 12:00:00 AM,Eastern,M,30 to 39,9088,745,8.2
01/01/2007 12:00:00 AM,Eastern,M,40 to 49,12329,2330,18.9
01/01/2007 12:00:00 AM,Eastern,M,50 to 59,13619,4898,35.96
01/01/2007 12:00:00 AM,Eastern,M,60 to 69,9963,5548,55.69
01/01/2007 12:00:00 AM,Eastern,M,70 to 79,5581,3833,68.68
01/01/2007 12:00:00 AM,Eastern,M,80 +,2894,2146,74.15
01/01/2007 12:00:00 AM,Northern,F,20 to 29,7823,175,2.24
01/01/2007 12:00:00 AM,Northern,F,30 to 39,9525,755,7.93
01/01/2007 12:00:00 AM,Northern,F,40 to 49,12133,2196,18.1
01/01/2007 12:00:00 AM,Northern,F,50 to 59,11890,4326,36.38
01/01/2007 12:00:00 AM,Northern,F,60 to 69,8603,4968,57.75
01/01/2007 12:00:00 AM,Northern,F,70 to 79,5540,4067,73.41
01/01/2007 12:00:00 AM,Northern,F,80 +,4873,4001,82.11
01/01/2007 12:00:00 AM,Northern,M,20 to 29,7757,155,2
01/01/2007 12:00:00 AM,Northern,M,30 to 39,9241,681,7.37
01/01/2007 12:00:00 AM,Northern,M,40 to 49,11782,2116,17.96
01/01/2007 12:00:00 AM,Northern,M,50 to 59,11947,4128,34.55
01/01/2007 12:00:00 AM,Northern,M,60 to 69,8615,4624,53.67
01/01/2007 12:00:00 AM,Northern,M,70 to 79,4854,3311,68.21
01/01/2007 12:00:00 AM,Northern,M,80 +,2626,1985,75.59
01/01/2007 12:00:00 AM,Unknown,F,20 to 29,10959,116,1.06
01/01/2007 12:00:00 AM,Unknown,F,30 to 39,7658,357,4.66
01/01/2007 12:00:00 AM,Unknown,F,40 to 49,6499,684,10.52
01/01/2007 12:00:00 AM,Unknown,F,50 to 59,5102,1335,26.17
01/01/2007 12:00:00 AM,Unknown,F,60 to 69,3313,1547,46.69
01/01/2007 12:00:00 AM,Unknown,F,70 to 79,1789,1206,67.41
01/01/2007 12:00:00 AM,Unknown,F,80 +,1625,1261,77.6
01/01/2007 12:00:00 AM,Unknown,M,20 to 29,10307,104,1.01
01/01/2007 12:00:00 AM,Unknown,M,30 to 39,7043,338,4.8
01/01/2007 12:00:00 AM,Unknown,M,40 to 49,6294,744,11.82
01/01/2007 12:00:00 AM,Unknown,M,50 to 59,4699,1139,24.24
01/01/2007 12:00:00 AM,Unknown,M,60 to 69,3012,1315,43.66
01/01/2007 12:00:00 AM,Unknown,M,70 to 79,1532,911,59.46
01/01/2007 12:00:00 AM,Unknown,M,80 +,790,502,63.54
01/01/2007 12:00:00 AM,Western,F,20 to 29,9718,208,2.14
01/01/2007 12:00:00 AM,Western,F,30 to 39,11763,864,7.35
01/01/2007 12:00:00 AM,Western,F,40 to 49,16546,2786,16.84
01/01/2007 12:00:00 AM,Western,F,50 to 59,16376,5456,33.32
01/01/2007 12:00:00 AM,Western,F,60 to 69,12446,6672,53.61
01/01/2007 12:00:00 AM,Western,F,70 to 79,8007,5697,71.15
01/01/2007 12:00:00 AM,Western,F,80 +,6600,5167,78.29
01/01/2007 12:00:00 AM,Western,M,20 to 29,9623,162,1.68
01/01/2007 12:00:00 AM,Western,M,30 to 39,11394,752,6.6
01/01/2007 12:00:00 AM,Western,M,40 to 49,15816,2541,16.07
01/01/2007 12:00:00 AM,Western,M,50 to 59,16126,5154,31.96
01/01/2007 12:00:00 AM,Western,M,60 to 69,12183,5898,48.41
01/01/2007 12:00:00 AM,Western,M,70 to 79,7238,4539,62.71
01/01/2007 12:00:00 AM,Western,M,80 +,3972,2722,68.53
01/01/2008 12:00:00 AM,Central,F,20 to 29,26203,365,1.39
01/01/2008 12:00:00 AM,Central,F,30 to 39,28817,1718,5.96
01/01/2008 12:00:00 AM,Central,F,40 to 49,33285,5032,15.12
01/01/2008 12:00:00 AM,Central,F,50 to 59,28893,9099,31.49
01/01/2008 12:00:00 AM,Central,F,60 to 69,19638,10555,53.75
01/01/2008 12:00:00 AM,Central,F,70 to 79,11745,8637,73.54
01/01/2008 12:00:00 AM,Central,F,80 +,9748,7940,81.45
01/01/2008 12:00:00 AM,Central,M,20 to 29,25565,407,1.59
01/01/2008 12:00:00 AM,Central,M,30 to 39,26525,1523,5.74
01/01/2008 12:00:00 AM,Central,M,40 to 49,31537,4693,14.88
01/01/2008 12:00:00 AM,Central,M,50 to 59,27471,8556,31.15
01/01/2008 12:00:00 AM,Central,M,60 to 69,18366,9458,51.5
01/01/2008 12:00:00 AM,Central,M,70 to 79,9999,6936,69.37
01/01/2008 12:00:00 AM,Central,M,80 +,5122,3856,75.28
01/01/2008 12:00:00 AM,Eastern,F,20 to 29,7981,169,2.12
01/01/2008 12:00:00 AM,Eastern,F,30 to 39,9173,818,8.92
01/01/2008 12:00:00 AM,Eastern,F,40 to 49,12470,2623,21.03
01/01/2008 12:00:00 AM,Eastern,F,50 to 59,13766,5325,38.68
01/01/2008 12:00:00 AM,Eastern,F,60 to 69,10501,6352,60.49
01/01/2008 12:00:00 AM,Eastern,F,70 to 79,6649,5102,76.73
01/01/2008 12:00:00 AM,Eastern,F,80 +,5558,4649,83.65
01/01/2008 12:00:00 AM,Eastern,M,20 to 29,8393,158,1.88
01/01/2008 12:00:00 AM,Eastern,M,30 to 39,9036,749,8.29
01/01/2008 12:00:00 AM,Eastern,M,40 to 49,12072,2346,19.43
01/01/2008 12:00:00 AM,Eastern,M,50 to 59,13649,4994,36.59
01/01/2008 12:00:00 AM,Eastern,M,60 to 69,10374,5869,56.57
01/01/2008 12:00:00 AM,Eastern,M,70 to 79,5753,4093,71.15
01/01/2008 12:00:00 AM,Eastern,M,80 +,2944,2226,75.61
01/01/2008 12:00:00 AM,Northern,F,20 to 29,7803,174,2.23
01/01/2008 12:00:00 AM,Northern,F,30 to 39,9507,769,8.09
01/01/2008 12:00:00 AM,Northern,F,40 to 49,11934,2226,18.65
01/01/2008 12:00:00 AM,Northern,F,50 to 59,12053,4400,36.51
01/01/2008 12:00:00 AM,Northern,F,60 to 69,8987,5194,57.79
01/01/2008 12:00:00 AM,Northern,F,70 to 79,5691,4230,74.33
01/01/2008 12:00:00 AM,Northern,F,80 +,4941,4113,83.24
01/01/2008 12:00:00 AM,Northern,M,20 to 29,7789,159,2.04
01/01/2008 12:00:00 AM,Northern,M,30 to 39,9196,695,7.56
01/01/2008 12:00:00 AM,Northern,M,40 to 49,11687,2165,18.52
01/01/2008 12:00:00 AM,Northern,M,50 to 59,12054,4262,35.36
01/01/2008 12:00:00 AM,Northern,M,60 to 69,9026,4958,54.93
01/01/2008 12:00:00 AM,Northern,M,70 to 79,4991,3466,69.45
01/01/2008 12:00:00 AM,Northern,M,80 +,2702,2070,76.61
01/01/2008 12:00:00 AM,Unknown,F,20 to 29,10538,91,0.86
01/01/2008 12:00:00 AM,Unknown,F,30 to 39,7185,337,4.69
01/01/2008 12:00:00 AM,Unknown,F,40 to 49,6253,667,10.67
01/01/2008 12:00:00 AM,Unknown,F,50 to 59,5026,1287,25.61
01/01/2008 12:00:00 AM,Unknown,F,60 to 69,3403,1589,46.69
01/01/2008 12:00:00 AM,Unknown,F,70 to 79,1785,1209,67.73
01/01/2008 12:00:00 AM,Unknown,F,80 +,1611,1271,78.9
01/01/2008 12:00:00 AM,Unknown,M,20 to 29,9815,101,1.03
01/01/2008 12:00:00 AM,Unknown,M,30 to 39,6689,357,5.34
01/01/2008 12:00:00 AM,Unknown,M,40 to 49,6011,730,12.14
01/01/2008 12:00:00 AM,Unknown,M,50 to 59,4587,1119,24.4
01/01/2008 12:00:00 AM,Unknown,M,60 to 69,3098,1358,43.83
01/01/2008 12:00:00 AM,Unknown,M,70 to 79,1539,935,60.75
01/01/2008 12:00:00 AM,Unknown,M,80 +,798,528,66.17
01/01/2008 12:00:00 AM,Western,F,20 to 29,9775,190,1.94
01/01/2008 12:00:00 AM,Western,F,30 to 39,11535,898,7.79
01/01/2008 12:00:00 AM,Western,F,40 to 49,16270,2804,17.23
01/01/2008 12:00:00 AM,Western,F,50 to 59,16629,5552,33.39
01/01/2008 12:00:00 AM,Western,F,60 to 69,13044,7015,53.78
01/01/2008 12:00:00 AM,Western,F,70 to 79,8205,5914,72.08
01/01/2008 12:00:00 AM,Western,F,80 +,6724,5391,80.18
01/01/2008 12:00:00 AM,Western,M,20 to 29,9747,167,1.71
01/01/2008 12:00:00 AM,Western,M,30 to 39,11158,747,6.69
01/01/2008 12:00:00 AM,Western,M,40 to 49,15533,2573,16.56
01/01/2008 12:00:00 AM,Western,M,50 to 59,16298,5245,32.18
01/01/2008 12:00:00 AM,Western,M,60 to 69,12848,6454,50.23
01/01/2008 12:00:00 AM,Western,M,70 to 79,7402,4775,64.51
01/01/2008 12:00:00 AM,Western,M,80 +,4082,2899,71.02
01/01/2009 12:00:00 AM,Central,F,20 to 29,26730,352,1.32
01/01/2009 12:00:00 AM,Central,F,30 to 39,29139,1710,5.87
01/01/2009 12:00:00 AM,Central,F,40 to 49,33293,5114,15.36
01/01/2009 12:00:00 AM,Central,F,50 to 59,29881,9411,31.49
01/01/2009 12:00:00 AM,Central,F,60 to 69,20573,11073,53.82
01/01/2009 12:00:00 AM,Central,F,70 to 79,12001,8930,74.41
01/01/2009 12:00:00 AM,Central,F,80 +,9822,8125,82.72
01/01/2009 12:00:00 AM,Central,M,20 to 29,26401,390,1.48
01/01/2009 12:00:00 AM,Central,M,30 to 39,26872,1556,5.79
01/01/2009 12:00:00 AM,Central,M,40 to 49,31579,4809,15.23
01/01/2009 12:00:00 AM,Central,M,50 to 59,28361,8927,31.48
01/01/2009 12:00:00 AM,Central,M,60 to 69,19318,10136,52.47
01/01/2009 12:00:00 AM,Central,M,70 to 79,10224,7179,70.22
01/01/2009 12:00:00 AM,Central,M,80 +,5318,4119,77.45
01/01/2009 12:00:00 AM,Eastern,F,20 to 29,8065,159,1.97
01/01/2009 12:00:00 AM,Eastern,F,30 to 39,9088,832,9.15
01/01/2009 12:00:00 AM,Eastern,F,40 to 49,12145,2557,21.05
01/01/2009 12:00:00 AM,Eastern,F,50 to 59,13904,5422,39
01/01/2009 12:00:00 AM,Eastern,F,60 to 69,10833,6618,61.09
01/01/2009 12:00:00 AM,Eastern,F,70 to 79,6790,5227,76.98
01/01/2009 12:00:00 AM,Eastern,F,80 +,5595,4750,84.9
01/01/2009 12:00:00 AM,Eastern,M,20 to 29,8424,162,1.92
01/01/2009 12:00:00 AM,Eastern,M,30 to 39,9024,735,8.14
01/01/2009 12:00:00 AM,Eastern,M,40 to 49,11819,2401,20.31
01/01/2009 12:00:00 AM,Eastern,M,50 to 59,13620,5020,36.86
01/01/2009 12:00:00 AM,Eastern,M,60 to 69,10904,6308,57.85
01/01/2009 12:00:00 AM,Eastern,M,70 to 79,5921,4311,72.81
01/01/2009 12:00:00 AM,Eastern,M,80 +,2995,2304,76.93
01/01/2009 12:00:00 AM,Northern,F,20 to 29,7827,169,2.16
01/01/2009 12:00:00 AM,Northern,F,30 to 39,9421,786,8.34
01/01/2009 12:00:00 AM,Northern,F,40 to 49,11756,2229,18.96
01/01/2009 12:00:00 AM,Northern,F,50 to 59,12253,4503,36.75
01/01/2009 12:00:00 AM,Northern,F,60 to 69,9410,5491,58.35
01/01/2009 12:00:00 AM,Northern,F,70 to 79,5786,4343,75.06
01/01/2009 12:00:00 AM,Northern,F,80 +,4981,4215,84.62
01/01/2009 12:00:00 AM,Northern,M,20 to 29,7930,175,2.21
01/01/2009 12:00:00 AM,Northern,M,30 to 39,9100,710,7.8
01/01/2009 12:00:00 AM,Northern,M,40 to 49,11550,2224,19.26
01/01/2009 12:00:00 AM,Northern,M,50 to 59,12176,4431,36.39
01/01/2009 12:00:00 AM,Northern,M,60 to 69,9521,5367,56.37
01/01/2009 12:00:00 AM,Northern,M,70 to 79,5075,3619,71.31
01/01/2009 12:00:00 AM,Northern,M,80 +,2750,2132,77.53
01/01/2009 12:00:00 AM,Unknown,F,20 to 29,10190,90,0.88
01/01/2009 12:00:00 AM,Unknown,F,30 to 39,6760,317,4.69
01/01/2009 12:00:00 AM,Unknown,F,40 to 49,6071,683,11.25
01/01/2009 12:00:00 AM,Unknown,F,50 to 59,4955,1253,25.29
01/01/2009 12:00:00 AM,Unknown,F,60 to 69,3477,1635,47.02
01/01/2009 12:00:00 AM,Unknown,F,70 to 79,1774,1201,67.7
01/01/2009 12:00:00 AM,Unknown,F,80 +,1600,1280,80
01/01/2009 12:00:00 AM,Unknown,M,20 to 29,9404,113,1.2
01/01/2009 12:00:00 AM,Unknown,M,30 to 39,6360,322,5.06
01/01/2009 12:00:00 AM,Unknown,M,40 to 49,5736,748,13.04
01/01/2009 12:00:00 AM,Unknown,M,50 to 59,4473,1113,24.88
01/01/2009 12:00:00 AM,Unknown,M,60 to 69,3185,1396,43.83
01/01/2009 12:00:00 AM,Unknown,M,70 to 79,1562,973,62.29
01/01/2009 12:00:00 AM,Unknown,M,80 +,815,549,67.36
01/01/2009 12:00:00 AM,Western,F,20 to 29,9792,180,1.84
01/01/2009 12:00:00 AM,Western,F,30 to 39,11415,911,7.98
01/01/2009 12:00:00 AM,Western,F,40 to 49,15877,2802,17.65
01/01/2009 12:00:00 AM,Western,F,50 to 59,16972,5655,33.32
01/01/2009 12:00:00 AM,Western,F,60 to 69,13662,7444,54.49
01/01/2009 12:00:00 AM,Western,F,70 to 79,8323,6042,72.59
01/01/2009 12:00:00 AM,Western,F,80 +,6813,5546,81.4
01/01/2009 12:00:00 AM,Western,M,20 to 29,9867,153,1.55
01/01/2009 12:00:00 AM,Western,M,30 to 39,11017,773,7.02
01/01/2009 12:00:00 AM,Western,M,40 to 49,15237,2638,17.31
01/01/2009 12:00:00 AM,Western,M,50 to 59,16472,5325,32.33
01/01/2009 12:00:00 AM,Western,M,60 to 69,13507,6858,50.77
01/01/2009 12:00:00 AM,Western,M,70 to 79,7587,5026,66.24
01/01/2009 12:00:00 AM,Western,M,80 +,4172,3045,72.99
01/01/2010 12:00:00 AM,Central,F,20 to 29,27253,339,1.24
01/01/2010 12:00:00 AM,Central,F,30 to 39,29314,1680,5.73
01/01/2010 12:00:00 AM,Central,F,40 to 49,33396,5086,15.23
01/01/2010 12:00:00 AM,Central,F,50 to 59,30883,9570,30.99
01/01/2010 12:00:00 AM,Central,F,60 to 69,21700,11615,53.53
01/01/2010 12:00:00 AM,Central,F,70 to 79,12215,9115,74.62
01/01/2010 12:00:00 AM,Central,F,80 +,10055,8384,83.38
01/01/2010 12:00:00 AM,Central,M,20 to 29,27307,406,1.49
01/01/2010 12:00:00 AM,Central,M,30 to 39,27222,1581,5.81
01/01/2010 12:00:00 AM,Central,M,40 to 49,31538,4787,15.18
01/01/2010 12:00:00 AM,Central,M,50 to 59,29281,9338,31.89
01/01/2010 12:00:00 AM,Central,M,60 to 69,20385,10752,52.74
01/01/2010 12:00:00 AM,Central,M,70 to 79,10476,7416,70.79
01/01/2010 12:00:00 AM,Central,M,80 +,5510,4322,78.44
01/01/2010 12:00:00 AM,Eastern,F,20 to 29,8109,139,1.71
01/01/2010 12:00:00 AM,Eastern,F,30 to 39,9073,831,9.16
01/01/2010 12:00:00 AM,Eastern,F,40 to 49,11716,2477,21.14
01/01/2010 12:00:00 AM,Eastern,F,50 to 59,14078,5437,38.62
01/01/2010 12:00:00 AM,Eastern,F,60 to 69,11273,6841,60.68
01/01/2010 12:00:00 AM,Eastern,F,70 to 79,6963,5423,77.88
01/01/2010 12:00:00 AM,Eastern,F,80 +,5548,4781,86.18
01/01/2010 12:00:00 AM,Eastern,M,20 to 29,8643,159,1.84
01/01/2010 12:00:00 AM,Eastern,M,30 to 39,8926,730,8.18
01/01/2010 12:00:00 AM,Eastern,M,40 to 49,11503,2350,20.43
01/01/2010 12:00:00 AM,Eastern,M,50 to 59,13721,5146,37.5
01/01/2010 12:00:00 AM,Eastern,M,60 to 69,11297,6603,58.45
01/01/2010 12:00:00 AM,Eastern,M,70 to 79,6105,4482,73.42
01/01/2010 12:00:00 AM,Eastern,M,80 +,3076,2416,78.54
01/01/2010 12:00:00 AM,Northern,F,20 to 29,7913,155,1.96
01/01/2010 12:00:00 AM,Northern,F,30 to 39,9268,771,8.32
01/01/2010 12:00:00 AM,Northern,F,40 to 49,11594,2205,19.02
01/01/2010 12:00:00 AM,Northern,F,50 to 59,12513,4606,36.81
01/01/2010 12:00:00 AM,Northern,F,60 to 69,9785,5688,58.13
01/01/2010 12:00:00 AM,Northern,F,70 to 79,5840,4413,75.57
01/01/2010 12:00:00 AM,Northern,F,80 +,5077,4325,85.19
01/01/2010 12:00:00 AM,Northern,M,20 to 29,8074,171,2.12
01/01/2010 12:00:00 AM,Northern,M,30 to 39,8964,703,7.84
01/01/2010 12:00:00 AM,Northern,M,40 to 49,11404,2249,19.72
01/01/2010 12:00:00 AM,Northern,M,50 to 59,12340,4522,36.65
01/01/2010 12:00:00 AM,Northern,M,60 to 69,9858,5559,56.39
01/01/2010 12:00:00 AM,Northern,M,70 to 79,5263,3817,72.53
01/01/2010 12:00:00 AM,Northern,M,80 +,2844,2255,79.29
01/01/2010 12:00:00 AM,Unknown,F,20 to 29,10147,88,0.87
01/01/2010 12:00:00 AM,Unknown,F,30 to 39,6427,295,4.59
01/01/2010 12:00:00 AM,Unknown,F,40 to 49,5844,666,11.4
01/01/2010 12:00:00 AM,Unknown,F,50 to 59,4932,1249,25.32
01/01/2010 12:00:00 AM,Unknown,F,60 to 69,3555,1662,46.75
01/01/2010 12:00:00 AM,Unknown,F,70 to 79,1790,1190,66.48
01/01/2010 12:00:00 AM,Unknown,F,80 +,1586,1260,79.45
01/01/2010 12:00:00 AM,Unknown,M,20 to 29,9426,116,1.23
01/01/2010 12:00:00 AM,Unknown,M,30 to 39,6004,319,5.31
01/01/2010 12:00:00 AM,Unknown,M,40 to 49,5647,747,13.23
01/01/2010 12:00:00 AM,Unknown,M,50 to 59,4436,1128,25.43
01/01/2010 12:00:00 AM,Unknown,M,60 to 69,3248,1461,44.98
01/01/2010 12:00:00 AM,Unknown,M,70 to 79,1568,977,62.31
01/01/2010 12:00:00 AM,Unknown,M,80 +,798,542,67.92
01/01/2010 12:00:00 AM,Western,F,20 to 29,9924,180,1.81
01/01/2010 12:00:00 AM,Western,F,30 to 39,11296,924,8.18
01/01/2010 12:00:00 AM,Western,F,40 to 49,15446,2759,17.86
01/01/2010 12:00:00 AM,Western,F,50 to 59,17349,5738,33.07
01/01/2010 12:00:00 AM,Western,F,60 to 69,14284,7810,54.68
01/01/2010 12:00:00 AM,Western,F,70 to 79,8525,6212,72.87
01/01/2010 12:00:00 AM,Western,F,80 +,6946,5716,82.29
01/01/2010 12:00:00 AM,Western,M,20 to 29,10054,162,1.61
01/01/2010 12:00:00 AM,Western,M,30 to 39,10809,775,7.17
01/01/2010 12:00:00 AM,Western,M,40 to 49,14947,2635,17.63
01/01/2010 12:00:00 AM,Western,M,50 to 59,16830,5529,32.85
01/01/2010 12:00:00 AM,Western,M,60 to 69,13936,7130,51.16
01/01/2010 12:00:00 AM,Western,M,70 to 79,7915,5318,67.19
01/01/2010 12:00:00 AM,Western,M,80 +,4260,3181,74.67
01/01/2011 12:00:00 AM,Central,F,20 to 29,27787,321,1.16
01/01/2011 12:00:00 AM,Central,F,30 to 39,29535,1624,5.5
01/01/2011 12:00:00 AM,Central,F,40 to 49,33313,4956,14.88
01/01/2011 12:00:00 AM,Central,F,50 to 59,31896,9762,30.61
01/01/2011 12:00:00 AM,Central,F,60 to 69,22702,11993,52.83
01/01/2011 12:00:00 AM,Central,F,70 to 79,12547,9336,74.41
01/01/2011 12:00:00 AM,Central,F,80 +,10264,8620,83.98
01/01/2011 12:00:00 AM,Central,M,20 to 29,28003,433,1.55
01/01/2011 12:00:00 AM,Central,M,30 to 39,27397,1625,5.93
01/01/2011 12:00:00 AM,Central,M,40 to 49,31344,4722,15.07
01/01/2011 12:00:00 AM,Central,M,50 to 59,30479,9642,31.63
01/01/2011 12:00:00 AM,Central,M,60 to 69,21137,11261,53.28
01/01/2011 12:00:00 AM,Central,M,70 to 79,10856,7683,70.77
01/01/2011 12:00:00 AM,Central,M,80 +,5744,4582,79.77
01/01/2011 12:00:00 AM,Eastern,F,20 to 29,8136,141,1.73
01/01/2011 12:00:00 AM,Eastern,F,30 to 39,8944,792,8.86
01/01/2011 12:00:00 AM,Eastern,F,40 to 49,11444,2397,20.95
01/01/2011 12:00:00 AM,Eastern,F,50 to 59,14173,5486,38.71
01/01/2011 12:00:00 AM,Eastern,F,60 to 69,11645,7031,60.38
01/01/2011 12:00:00 AM,Eastern,F,70 to 79,7081,5519,77.94
01/01/2011 12:00:00 AM,Eastern,F,80 +,5642,4904,86.92
01/01/2011 12:00:00 AM,Eastern,M,20 to 29,8764,164,1.87
01/01/2011 12:00:00 AM,Eastern,M,30 to 39,8812,710,8.06
01/01/2011 12:00:00 AM,Eastern,M,40 to 49,11242,2294,20.41
01/01/2011 12:00:00 AM,Eastern,M,50 to 59,13768,5200,37.77
01/01/2011 12:00:00 AM,Eastern,M,60 to 69,11609,6812,58.68
01/01/2011 12:00:00 AM,Eastern,M,70 to 79,6332,4702,74.26
01/01/2011 12:00:00 AM,Eastern,M,80 +,3132,2494,79.63
01/01/2011 12:00:00 AM,Northern,F,20 to 29,7921,134,1.69
01/01/2011 12:00:00 AM,Northern,F,30 to 39,9152,761,8.32
01/01/2011 12:00:00 AM,Northern,F,40 to 49,11385,2079,18.26
01/01/2011 12:00:00 AM,Northern,F,50 to 59,12780,4656,36.43
01/01/2011 12:00:00 AM,Northern,F,60 to 69,10104,5857,57.97
01/01/2011 12:00:00 AM,Northern,F,70 to 79,5982,4580,76.56
01/01/2011 12:00:00 AM,Northern,F,80 +,5066,4338,85.63
01/01/2011 12:00:00 AM,Northern,M,20 to 29,8190,170,2.08
01/01/2011 12:00:00 AM,Northern,M,30 to 39,8809,666,7.56
01/01/2011 12:00:00 AM,Northern,M,40 to 49,11256,2224,19.76
01/01/2011 12:00:00 AM,Northern,M,50 to 59,12450,4581,36.8
01/01/2011 12:00:00 AM,Northern,M,60 to 69,10245,5818,56.79
01/01/2011 12:00:00 AM,Northern,M,70 to 79,5437,3971,73.04
01/01/2011 12:00:00 AM,Northern,M,80 +,2908,2357,81.05
01/01/2011 12:00:00 AM,Unknown,F,20 to 29,9838,80,0.81
01/01/2011 12:00:00 AM,Unknown,F,30 to 39,6187,263,4.25
01/01/2011 12:00:00 AM,Unknown,F,40 to 49,5674,662,11.67
01/01/2011 12:00:00 AM,Unknown,F,50 to 59,4901,1245,25.4
01/01/2011 12:00:00 AM,Unknown,F,60 to 69,3583,1646,45.94
01/01/2011 12:00:00 AM,Unknown,F,70 to 79,1796,1188,66.15
01/01/2011 12:00:00 AM,Unknown,F,80 +,1537,1219,79.31
01/01/2011 12:00:00 AM,Unknown,M,20 to 29,9103,110,1.21
01/01/2011 12:00:00 AM,Unknown,M,30 to 39,5810,296,5.09
01/01/2011 12:00:00 AM,Unknown,M,40 to 49,5450,731,13.41
01/01/2011 12:00:00 AM,Unknown,M,50 to 59,4500,1129,25.09
01/01/2011 12:00:00 AM,Unknown,M,60 to 69,3271,1491,45.58
01/01/2011 12:00:00 AM,Unknown,M,70 to 79,1603,1011,63.07
01/01/2011 12:00:00 AM,Unknown,M,80 +,809,549,67.86
01/01/2011 12:00:00 AM,Western,F,20 to 29,10002,167,1.67
01/01/2011 12:00:00 AM,Western,F,30 to 39,11115,872,7.85
01/01/2011 12:00:00 AM,Western,F,40 to 49,15083,2677,17.75
01/01/2011 12:00:00 AM,Western,F,50 to 59,17689,5840,33.01
01/01/2011 12:00:00 AM,Western,F,60 to 69,14757,8040,54.48
01/01/2011 12:00:00 AM,Western,F,70 to 79,8724,6378,73.11
01/01/2011 12:00:00 AM,Western,F,80 +,7095,5924,83.5
01/01/2011 12:00:00 AM,Western,M,20 to 29,10182,159,1.56
01/01/2011 12:00:00 AM,Western,M,30 to 39,10694,752,7.03
01/01/2011 12:00:00 AM,Western,M,40 to 49,14479,2592,17.9
01/01/2011 12:00:00 AM,Western,M,50 to 59,17142,5648,32.95
01/01/2011 12:00:00 AM,Western,M,60 to 69,14407,7494,52.02
01/01/2011 12:00:00 AM,Western,M,70 to 79,8188,5535,67.6
01/01/2011 12:00:00 AM,Western,M,80 +,4381,3340,76.24
01/01/2012 12:00:00 AM,Central,F,20 to 29,28021,293,1.05
01/01/2012 12:00:00 AM,Central,F,30 to 39,29927,1603,5.36
01/01/2012 12:00:00 AM,Central,F,40 to 49,32956,4696,14.25
01/01/2012 12:00:00 AM,Central,F,50 to 59,32918,9958,30.25
01/01/2012 12:00:00 AM,Central,F,60 to 69,23635,12277,51.94
01/01/2012 12:00:00 AM,Central,F,70 to 79,13019,9603,73.76
01/01/2012 12:00:00 AM,Central,F,80 +,10434,8842,84.74
01/01/2012 12:00:00 AM,Central,M,20 to 29,28345,432,1.52
01/01/2012 12:00:00 AM,Central,M,30 to 39,27709,1623,5.86
01/01/2012 12:00:00 AM,Central,M,40 to 49,30990,4663,15.05
01/01/2012 12:00:00 AM,Central,M,50 to 59,31632,9906,31.32
01/01/2012 12:00:00 AM,Central,M,60 to 69,22052,11667,52.91
01/01/2012 12:00:00 AM,Central,M,70 to 79,11313,8015,70.85
01/01/2012 12:00:00 AM,Central,M,80 +,5949,4806,80.79
01/01/2012 12:00:00 AM,Eastern,F,20 to 29,8197,137,1.67
01/01/2012 12:00:00 AM,Eastern,F,30 to 39,8860,754,8.51
01/01/2012 12:00:00 AM,Eastern,F,40 to 49,11056,2317,20.96
01/01/2012 12:00:00 AM,Eastern,F,50 to 59,14236,5479,38.49
01/01/2012 12:00:00 AM,Eastern,F,60 to 69,12026,7157,59.51
01/01/2012 12:00:00 AM,Eastern,F,70 to 79,7291,5658,77.6
01/01/2012 12:00:00 AM,Eastern,F,80 +,5676,4956,87.32
01/01/2012 12:00:00 AM,Eastern,M,20 to 29,8792,160,1.82
01/01/2012 12:00:00 AM,Eastern,M,30 to 39,8827,689,7.81
01/01/2012 12:00:00 AM,Eastern,M,40 to 49,10903,2209,20.26
01/01/2012 12:00:00 AM,Eastern,M,50 to 59,13712,5157,37.61
01/01/2012 12:00:00 AM,Eastern,M,60 to 69,11972,6998,58.45
01/01/2012 12:00:00 AM,Eastern,M,70 to 79,6587,4916,74.63
01/01/2012 12:00:00 AM,Eastern,M,80 +,3249,2612,80.39
01/01/2012 12:00:00 AM,Northern,F,20 to 29,7933,132,1.66
01/01/2012 12:00:00 AM,Northern,F,30 to 39,9109,738,8.1
01/01/2012 12:00:00 AM,Northern,F,40 to 49,11155,1988,17.82
01/01/2012 12:00:00 AM,Northern,F,50 to 59,12930,4633,35.83
01/01/2012 12:00:00 AM,Northern,F,60 to 69,10456,5988,57.27
01/01/2012 12:00:00 AM,Northern,F,70 to 79,6187,4739,76.6
01/01/2012 12:00:00 AM,Northern,F,80 +,5069,4349,85.8
01/01/2012 12:00:00 AM,Northern,M,20 to 29,8286,169,2.04
01/01/2012 12:00:00 AM,Northern,M,30 to 39,8696,645,7.42
01/01/2012 12:00:00 AM,Northern,M,40 to 49,11088,2166,19.53
01/01/2012 12:00:00 AM,Northern,M,50 to 59,12507,4579,36.61
01/01/2012 12:00:00 AM,Northern,M,60 to 69,10502,5963,56.78
01/01/2012 12:00:00 AM,Northern,M,70 to 79,5699,4191,73.54
01/01/2012 12:00:00 AM,Northern,M,80 +,2956,2404,81.33
01/01/2012 12:00:00 AM,Unknown,F,20 to 29,9350,68,0.73
01/01/2012 12:00:00 AM,Unknown,F,30 to 39,5973,250,4.19
01/01/2012 12:00:00 AM,Unknown,F,40 to 49,5338,587,11
01/01/2012 12:00:00 AM,Unknown,F,50 to 59,4888,1211,24.77
01/01/2012 12:00:00 AM,Unknown,F,60 to 69,3585,1619,45.16
01/01/2012 12:00:00 AM,Unknown,F,70 to 79,1786,1175,65.79
01/01/2012 12:00:00 AM,Unknown,F,80 +,1487,1169,78.61
01/01/2012 12:00:00 AM,Unknown,M,20 to 29,8536,93,1.09
01/01/2012 12:00:00 AM,Unknown,M,30 to 39,5496,266,4.84
01/01/2012 12:00:00 AM,Unknown,M,40 to 49,5172,666,12.88
01/01/2012 12:00:00 AM,Unknown,M,50 to 59,4459,1148,25.75
01/01/2012 12:00:00 AM,Unknown,M,60 to 69,3214,1458,45.36
01/01/2012 12:00:00 AM,Unknown,M,70 to 79,1645,1033,62.8
01/01/2012 12:00:00 AM,Unknown,M,80 +,832,560,67.31
01/01/2012 12:00:00 AM,Western,F,20 to 29,10064,158,1.57
01/01/2012 12:00:00 AM,Western,F,30 to 39,11008,847,7.69
01/01/2012 12:00:00 AM,Western,F,40 to 49,14678,2561,17.45
01/01/2012 12:00:00 AM,Western,F,50 to 59,17969,5863,32.63
01/01/2012 12:00:00 AM,Western,F,60 to 69,15173,8264,54.47
01/01/2012 12:00:00 AM,Western,F,70 to 79,9091,6608,72.69
01/01/2012 12:00:00 AM,Western,F,80 +,7199,6051,84.05
01/01/2012 12:00:00 AM,Western,M,20 to 29,10306,158,1.53
01/01/2012 12:00:00 AM,Western,M,30 to 39,10545,717,6.8
01/01/2012 12:00:00 AM,Western,M,40 to 49,14128,2558,18.11
01/01/2012 12:00:00 AM,Western,M,50 to 59,17385,5752,33.09
01/01/2012 12:00:00 AM,Western,M,60 to 69,14831,7764,52.35
01/01/2012 12:00:00 AM,Western,M,70 to 79,8487,5751,67.76
01/01/2012 12:00:00 AM,Western,M,80 +,4519,3501,77.47
01/01/2013 12:00:00 AM,Central,F,20 to 29,28636,286,1
01/01/2013 12:00:00 AM,Central,F,30 to 39,30165,1550,5.14
01/01/2013 12:00:00 AM,Central,F,40 to 49,32795,4538,13.84
01/01/2013 12:00:00 AM,Central,F,50 to 59,33806,10086,29.83
01/01/2013 12:00:00 AM,Central,F,60 to 69,24676,12560,50.9
01/01/2013 12:00:00 AM,Central,F,70 to 79,13562,9891,72.93
01/01/2013 12:00:00 AM,Central,F,80 +,10616,8979,84.58
01/01/2013 12:00:00 AM,Central,M,20 to 29,28760,413,1.44
01/01/2013 12:00:00 AM,Central,M,30 to 39,28326,1604,5.66
01/01/2013 12:00:00 AM,Central,M,40 to 49,30706,4560,14.85
01/01/2013 12:00:00 AM,Central,M,50 to 59,32796,10206,31.12
01/01/2013 12:00:00 AM,Central,M,60 to 69,22990,12113,52.69
01/01/2013 12:00:00 AM,Central,M,70 to 79,11890,8428,70.88
01/01/2013 12:00:00 AM,Central,M,80 +,6131,4989,81.37
01/01/2013 12:00:00 AM,Eastern,F,20 to 29,8253,132,1.6
01/01/2013 12:00:00 AM,Eastern,F,30 to 39,8800,718,8.16
01/01/2013 12:00:00 AM,Eastern,F,40 to 49,10788,2213,20.51
01/01/2013 12:00:00 AM,Eastern,F,50 to 59,14150,5361,37.89
01/01/2013 12:00:00 AM,Eastern,F,60 to 69,12368,7278,58.85
01/01/2013 12:00:00 AM,Eastern,F,70 to 79,7568,5879,77.68
01/01/2013 12:00:00 AM,Eastern,F,80 +,5740,5025,87.54
01/01/2013 12:00:00 AM,Eastern,M,20 to 29,8802,171,1.94
01/01/2013 12:00:00 AM,Eastern,M,30 to 39,8882,668,7.52
01/01/2013 12:00:00 AM,Eastern,M,40 to 49,10641,2152,20.22
01/01/2013 12:00:00 AM,Eastern,M,50 to 59,13605,5067,37.24
01/01/2013 12:00:00 AM,Eastern,M,60 to 69,12324,7163,58.12
01/01/2013 12:00:00 AM,Eastern,M,70 to 79,6872,5145,74.87
01/01/2013 12:00:00 AM,Eastern,M,80 +,3320,2694,81.14
01/01/2013 12:00:00 AM,Northern,F,20 to 29,7929,113,1.43
01/01/2013 12:00:00 AM,Northern,F,30 to 39,9002,700,7.78
01/01/2013 12:00:00 AM,Northern,F,40 to 49,11029,1972,17.88
01/01/2013 12:00:00 AM,Northern,F,50 to 59,12960,4570,35.26
01/01/2013 12:00:00 AM,Northern,F,60 to 69,10888,6149,56.48
01/01/2013 12:00:00 AM,Northern,F,70 to 79,6370,4842,76.01
01/01/2013 12:00:00 AM,Northern,F,80 +,5101,4391,86.08
01/01/2013 12:00:00 AM,Northern,M,20 to 29,8306,151,1.82
01/01/2013 12:00:00 AM,Northern,M,30 to 39,8762,637,7.27
01/01/2013 12:00:00 AM,Northern,M,40 to 49,10897,2061,18.91
01/01/2013 12:00:00 AM,Northern,M,50 to 59,12618,4579,36.29
01/01/2013 12:00:00 AM,Northern,M,60 to 69,10820,6135,56.7
01/01/2013 12:00:00 AM,Northern,M,70 to 79,5978,4411,73.79
01/01/2013 12:00:00 AM,Northern,M,80 +,3041,2486,81.75
01/01/2013 12:00:00 AM,Unknown,F,20 to 29,8627,60,0.7
01/01/2013 12:00:00 AM,Unknown,F,30 to 39,5559,236,4.25
01/01/2013 12:00:00 AM,Unknown,F,40 to 49,4976,521,10.47
01/01/2013 12:00:00 AM,Unknown,F,50 to 59,4724,1123,23.77
01/01/2013 12:00:00 AM,Unknown,F,60 to 69,3523,1550,44
01/01/2013 12:00:00 AM,Unknown,F,70 to 79,1841,1196,64.96
01/01/2013 12:00:00 AM,Unknown,F,80 +,1437,1126,78.36
01/01/2013 12:00:00 AM,Unknown,M,20 to 29,7664,82,1.07
01/01/2013 12:00:00 AM,Unknown,M,30 to 39,5175,222,4.29
01/01/2013 12:00:00 AM,Unknown,M,40 to 49,4800,611,12.73
01/01/2013 12:00:00 AM,Unknown,M,50 to 59,4470,1086,24.3
01/01/2013 12:00:00 AM,Unknown,M,60 to 69,3205,1423,44.4
01/01/2013 12:00:00 AM,Unknown,M,70 to 79,1633,1014,62.09
01/01/2013 12:00:00 AM,Unknown,M,80 +,869,575,66.17
01/01/2013 12:00:00 AM,Western,F,20 to 29,10147,155,1.53
01/01/2013 12:00:00 AM,Western,F,30 to 39,10972,809,7.37
01/01/2013 12:00:00 AM,Western,F,40 to 49,14139,2404,17
01/01/2013 12:00:00 AM,Western,F,50 to 59,18252,5869,32.16
01/01/2013 12:00:00 AM,Western,F,60 to 69,15626,8398,53.74
01/01/2013 12:00:00 AM,Western,F,70 to 79,9463,6850,72.39
01/01/2013 12:00:00 AM,Western,F,80 +,7298,6158,84.38
01/01/2013 12:00:00 AM,Western,M,20 to 29,10411,156,1.5
01/01/2013 12:00:00 AM,Western,M,30 to 39,10497,709,6.75
01/01/2013 12:00:00 AM,Western,M,40 to 49,13742,2433,17.7
01/01/2013 12:00:00 AM,Western,M,50 to 59,17598,5883,33.43
01/01/2013 12:00:00 AM,Western,M,60 to 69,15287,8022,52.48
01/01/2013 12:00:00 AM,Western,M,70 to 79,8837,6060,68.58
01/01/2013 12:00:00 AM,Western,M,80 +,4607,3596,78.06
01/01/2014 12:00:00 AM,Central,F,20 to 29,28982,288,0.99
01/01/2014 12:00:00 AM,Central,F,30 to 39,30667,1482,4.83
01/01/2014 12:00:00 AM,Central,F,40 to 49,32411,4382,13.52
01/01/2014 12:00:00 AM,Central,F,50 to 59,34632,10096,29.15
01/01/2014 12:00:00 AM,Central,F,60 to 69,25737,12891,50.09
01/01/2014 12:00:00 AM,Central,F,70 to 79,14198,10261,72.27
01/01/2014 12:00:00 AM,Central,F,80 +,10749,9069,84.37
01/01/2014 12:00:00 AM,Central,M,20 to 29,29130,393,1.35
01/01/2014 12:00:00 AM,Central,M,30 to 39,28921,1616,5.59
01/01/2014 12:00:00 AM,Central,M,40 to 49,30421,4383,14.41
01/01/2014 12:00:00 AM,Central,M,50 to 59,33576,10355,30.84
01/01/2014 12:00:00 AM,Central,M,60 to 69,23952,12612,52.66
01/01/2014 12:00:00 AM,Central,M,70 to 79,12535,8906,71.05
01/01/2014 12:00:00 AM,Central,M,80 +,6346,5180,81.63
01/01/2014 12:00:00 AM,Eastern,F,20 to 29,8336,136,1.63
01/01/2014 12:00:00 AM,Eastern,F,30 to 39,8717,682,7.82
01/01/2014 12:00:00 AM,Eastern,F,40 to 49,10455,2138,20.45
01/01/2014 12:00:00 AM,Eastern,F,50 to 59,14117,5262,37.27
01/01/2014 12:00:00 AM,Eastern,F,60 to 69,12799,7471,58.37
01/01/2014 12:00:00 AM,Eastern,F,70 to 79,7823,6036,77.16
01/01/2014 12:00:00 AM,Eastern,F,80 +,5783,5077,87.79
01/01/2014 12:00:00 AM,Eastern,M,20 to 29,8894,149,1.68
01/01/2014 12:00:00 AM,Eastern,M,30 to 39,8784,649,7.39
01/01/2014 12:00:00 AM,Eastern,M,40 to 49,10443,2095,20.06
01/01/2014 12:00:00 AM,Eastern,M,50 to 59,13451,4998,37.16
01/01/2014 12:00:00 AM,Eastern,M,60 to 69,12767,7393,57.91
01/01/2014 12:00:00 AM,Eastern,M,70 to 79,7053,5266,74.66
01/01/2014 12:00:00 AM,Eastern,M,80 +,3405,2782,81.7
01/01/2014 12:00:00 AM,Northern,F,20 to 29,8014,117,1.46
01/01/2014 12:00:00 AM,Northern,F,30 to 39,8876,636,7.17
01/01/2014 12:00:00 AM,Northern,F,40 to 49,10845,1911,17.62
01/01/2014 12:00:00 AM,Northern,F,50 to 59,12930,4461,34.5
01/01/2014 12:00:00 AM,Northern,F,60 to 69,11382,6384,56.09
01/01/2014 12:00:00 AM,Northern,F,70 to 79,6533,4910,75.16
01/01/2014 12:00:00 AM,Northern,F,80 +,5127,4409,86
01/01/2014 12:00:00 AM,Northern,M,20 to 29,8338,141,1.69
01/01/2014 12:00:00 AM,Northern,M,30 to 39,8729,595,6.82
01/01/2014 12:00:00 AM,Northern,M,40 to 49,10562,1931,18.28
01/01/2014 12:00:00 AM,Northern,M,50 to 59,12713,4574,35.98
01/01/2014 12:00:00 AM,Northern,M,60 to 69,11190,6333,56.6
01/01/2014 12:00:00 AM,Northern,M,70 to 79,6230,4603,73.88
01/01/2014 12:00:00 AM,Northern,M,80 +,3106,2564,82.55
01/01/2014 12:00:00 AM,Unknown,F,20 to 29,7654,61,0.8
01/01/2014 12:00:00 AM,Unknown,F,30 to 39,5090,221,4.34
01/01/2014 12:00:00 AM,Unknown,F,40 to 49,4552,477,10.48
01/01/2014 12:00:00 AM,Unknown,F,50 to 59,4550,1066,23.43
01/01/2014 12:00:00 AM,Unknown,F,60 to 69,3477,1510,43.43
01/01/2014 12:00:00 AM,Unknown,F,70 to 79,1841,1176,63.88
01/01/2014 12:00:00 AM,Unknown,F,80 +,1387,1083,78.08
01/01/2014 12:00:00 AM,Unknown,M,20 to 29,6728,67,1
01/01/2014 12:00:00 AM,Unknown,M,30 to 39,4724,213,4.51
01/01/2014 12:00:00 AM,Unknown,M,40 to 49,4368,542,12.41
01/01/2014 12:00:00 AM,Unknown,M,50 to 59,4296,1025,23.86
01/01/2014 12:00:00 AM,Unknown,M,60 to 69,3140,1388,44.2
01/01/2014 12:00:00 AM,Unknown,M,70 to 79,1648,1009,61.23
01/01/2014 12:00:00 AM,Unknown,M,80 +,887,590,66.52
01/01/2014 12:00:00 AM,Western,F,20 to 29,10195,149,1.46
01/01/2014 12:00:00 AM,Western,F,30 to 39,10944,760,6.94
01/01/2014 12:00:00 AM,Western,F,40 to 49,13683,2287,16.71
01/01/2014 12:00:00 AM,Western,F,50 to 59,18348,5786,31.53
01/01/2014 12:00:00 AM,Western,F,60 to 69,16229,8591,52.94
01/01/2014 12:00:00 AM,Western,F,70 to 79,9770,7049,72.15
01/01/2014 12:00:00 AM,Western,F,80 +,7436,6298,84.7
01/01/2014 12:00:00 AM,Western,M,20 to 29,10476,150,1.43
01/01/2014 12:00:00 AM,Western,M,30 to 39,10479,686,6.55
01/01/2014 12:00:00 AM,Western,M,40 to 49,13282,2289,17.23
01/01/2014 12:00:00 AM,Western,M,50 to 59,17698,5873,33.18
01/01/2014 12:00:00 AM,Western,M,60 to 69,15747,8324,52.86
01/01/2014 12:00:00 AM,Western,M,70 to 79,9167,6295,68.67
01/01/2014 12:00:00 AM,Western,M,80 +,4784,3753,78.45
01/01/2015 12:00:00 AM,Central,F,20 to 29,29557,270,0.91
01/01/2015 12:00:00 AM,Central,F,30 to 39,31290,1410,4.51
01/01/2015 12:00:00 AM,Central,F,40 to 49,32516,4249,13.07
01/01/2015 12:00:00 AM,Central,F,50 to 59,35039,10028,28.62
01/01/2015 12:00:00 AM,Central,F,60 to 69,26923,13343,49.56
01/01/2015 12:00:00 AM,Central,F,70 to 79,14924,10727,71.88
01/01/2015 12:00:00 AM,Central,F,80 +,10710,9053,84.53
01/01/2015 12:00:00 AM,Central,M,20 to 29,29485,367,1.24
01/01/2015 12:00:00 AM,Central,M,30 to 39,29802,1617,5.43
01/01/2015 12:00:00 AM,Central,M,40 to 49,30434,4294,14.11
01/01/2015 12:00:00 AM,Central,M,50 to 59,34170,10479,30.67
01/01/2015 12:00:00 AM,Central,M,60 to 69,24985,13029,52.15
01/01/2015 12:00:00 AM,Central,M,70 to 79,13153,9313,70.81
01/01/2015 12:00:00 AM,Central,M,80 +,6531,5342,81.79
01/01/2015 12:00:00 AM,Eastern,F,20 to 29,8462,134,1.58
01/01/2015 12:00:00 AM,Eastern,F,30 to 39,8719,652,7.48
01/01/2015 12:00:00 AM,Eastern,F,40 to 49,10251,2061,20.11
01/01/2015 12:00:00 AM,Eastern,F,50 to 59,13960,5178,37.09
01/01/2015 12:00:00 AM,Eastern,F,60 to 69,13210,7607,57.59
01/01/2015 12:00:00 AM,Eastern,F,70 to 79,8042,6191,76.98
01/01/2015 12:00:00 AM,Eastern,F,80 +,5818,5093,87.54
01/01/2015 12:00:00 AM,Eastern,M,20 to 29,8988,156,1.74
01/01/2015 12:00:00 AM,Eastern,M,30 to 39,8824,628,7.12
01/01/2015 12:00:00 AM,Eastern,M,40 to 49,10357,2041,19.71
01/01/2015 12:00:00 AM,Eastern,M,50 to 59,13251,4932,37.22
01/01/2015 12:00:00 AM,Eastern,M,60 to 69,13034,7469,57.3
01/01/2015 12:00:00 AM,Eastern,M,70 to 79,7277,5447,74.85
01/01/2015 12:00:00 AM,Eastern,M,80 +,3520,2891,82.13
01/01/2015 12:00:00 AM,Northern,F,20 to 29,8147,125,1.53
01/01/2015 12:00:00 AM,Northern,F,30 to 39,8877,618,6.96
01/01/2015 12:00:00 AM,Northern,F,40 to 49,10628,1847,17.38
01/01/2015 12:00:00 AM,Northern,F,50 to 59,12929,4358,33.71
01/01/2015 12:00:00 AM,Northern,F,60 to 69,11698,6485,55.44
01/01/2015 12:00:00 AM,Northern,F,70 to 79,6799,5076,74.66
01/01/2015 12:00:00 AM,Northern,F,80 +,5080,4364,85.91
01/01/2015 12:00:00 AM,Northern,M,20 to 29,8462,134,1.58
01/01/2015 12:00:00 AM,Northern,M,30 to 39,8736,601,6.88
01/01/2015 12:00:00 AM,Northern,M,40 to 49,10422,1845,17.7
01/01/2015 12:00:00 AM,Northern,M,50 to 59,12613,4561,36.16
01/01/2015 12:00:00 AM,Northern,M,60 to 69,11521,6468,56.14
01/01/2015 12:00:00 AM,Northern,M,70 to 79,6502,4797,73.78
01/01/2015 12:00:00 AM,Northern,M,80 +,3180,2612,82.14
01/01/2015 12:00:00 AM,Unknown,F,20 to 29,6444,48,0.74
01/01/2015 12:00:00 AM,Unknown,F,30 to 39,4616,183,3.96
01/01/2015 12:00:00 AM,Unknown,F,40 to 49,4181,445,10.64
01/01/2015 12:00:00 AM,Unknown,F,50 to 59,4179,919,21.99
01/01/2015 12:00:00 AM,Unknown,F,60 to 69,3396,1431,42.14
01/01/2015 12:00:00 AM,Unknown,F,70 to 79,1819,1168,64.21
01/01/2015 12:00:00 AM,Unknown,F,80 +,1347,1033,76.69
01/01/2015 12:00:00 AM,Unknown,M,20 to 29,5656,70,1.24
01/01/2015 12:00:00 AM,Unknown,M,30 to 39,4229,164,3.88
01/01/2015 12:00:00 AM,Unknown,M,40 to 49,3964,487,12.29
01/01/2015 12:00:00 AM,Unknown,M,50 to 59,4018,911,22.67
01/01/2015 12:00:00 AM,Unknown,M,60 to 69,3099,1360,43.89
01/01/2015 12:00:00 AM,Unknown,M,70 to 79,1662,1000,60.17
01/01/2015 12:00:00 AM,Unknown,M,80 +,893,595,66.63
01/01/2015 12:00:00 AM,Western,F,20 to 29,10352,146,1.41
01/01/2015 12:00:00 AM,Western,F,30 to 39,10990,726,6.61
01/01/2015 12:00:00 AM,Western,F,40 to 49,13362,2177,16.29
01/01/2015 12:00:00 AM,Western,F,50 to 59,18325,5753,31.39
01/01/2015 12:00:00 AM,Western,F,60 to 69,16707,8730,52.25
01/01/2015 12:00:00 AM,Western,F,70 to 79,10220,7317,71.59
01/01/2015 12:00:00 AM,Western,F,80 +,7530,6384,84.78
01/01/2015 12:00:00 AM,Western,M,20 to 29,10694,148,1.38
01/01/2015 12:00:00 AM,Western,M,30 to 39,10523,634,6.02
01/01/2015 12:00:00 AM,Western,M,40 to 49,13009,2238,17.2
01/01/2015 12:00:00 AM,Western,M,50 to 59,17700,5890,33.28
01/01/2015 12:00:00 AM,Western,M,60 to 69,16150,8548,52.93
01/01/2015 12:00:00 AM,Western,M,70 to 79,9582,6578,68.65
01/01/2015 12:00:00 AM,Western,M,80 +,4948,3910,79.02
01/01/2016 12:00:00 AM,Central,F,20 to 29,30153,250,0.83
01/01/2016 12:00:00 AM,Central,F,30 to 39,32474,1396,4.3
01/01/2016 12:00:00 AM,Central,F,40 to 49,32614,4143,12.7
01/01/2016 12:00:00 AM,Central,F,50 to 59,35379,9935,28.08
01/01/2016 12:00:00 AM,Central,F,60 to 69,27693,13478,48.67
01/01/2016 12:00:00 AM,Central,F,70 to 79,16059,11331,70.56
01/01/2016 12:00:00 AM,Central,F,80 +,10830,9142,84.41
01/01/2016 12:00:00 AM,Central,M,20 to 29,30190,340,1.13
01/01/2016 12:00:00 AM,Central,M,30 to 39,30958,1572,5.08
01/01/2016 12:00:00 AM,Central,M,40 to 49,30774,4264,13.86
01/01/2016 12:00:00 AM,Central,M,50 to 59,34501,10522,30.5
01/01/2016 12:00:00 AM,Central,M,60 to 69,25736,13299,51.67
01/01/2016 12:00:00 AM,Central,M,70 to 79,14115,9949,70.49
01/01/2016 12:00:00 AM,Central,M,80 +,6782,5537,81.64
01/01/2016 12:00:00 AM,Eastern,F,20 to 29,8610,138,1.6
01/01/2016 12:00:00 AM,Eastern,F,30 to 39,8809,656,7.45
01/01/2016 12:00:00 AM,Eastern,F,40 to 49,10056,1953,19.42
01/01/2016 12:00:00 AM,Eastern,F,50 to 59,13702,5062,36.94
01/01/2016 12:00:00 AM,Eastern,F,60 to 69,13365,7564,56.6
01/01/2016 12:00:00 AM,Eastern,F,70 to 79,8449,6416,75.94
01/01/2016 12:00:00 AM,Eastern,F,80 +,5942,5162,86.87
01/01/2016 12:00:00 AM,Eastern,M,20 to 29,9129,145,1.59
01/01/2016 12:00:00 AM,Eastern,M,30 to 39,8947,637,7.12
01/01/2016 12:00:00 AM,Eastern,M,40 to 49,10156,1936,19.06
01/01/2016 12:00:00 AM,Eastern,M,50 to 59,13087,4900,37.44
01/01/2016 12:00:00 AM,Eastern,M,60 to 69,13115,7464,56.91
01/01/2016 12:00:00 AM,Eastern,M,70 to 79,7752,5773,74.47
01/01/2016 12:00:00 AM,Eastern,M,80 +,3630,2967,81.74
01/01/2016 12:00:00 AM,Northern,F,20 to 29,8318,114,1.37
01/01/2016 12:00:00 AM,Northern,F,30 to 39,8849,595,6.72
01/01/2016 12:00:00 AM,Northern,F,40 to 49,10571,1801,17.04
01/01/2016 12:00:00 AM,Northern,F,50 to 59,12904,4275,33.13
01/01/2016 12:00:00 AM,Northern,F,60 to 69,11839,6467,54.62
01/01/2016 12:00:00 AM,Northern,F,70 to 79,7215,5325,73.8
01/01/2016 12:00:00 AM,Northern,F,80 +,5161,4428,85.8
01/01/2016 12:00:00 AM,Northern,M,20 to 29,8739,127,1.45
01/01/2016 12:00:00 AM,Northern,M,30 to 39,8711,572,6.57
01/01/2016 12:00:00 AM,Northern,M,40 to 49,10396,1810,17.41
01/01/2016 12:00:00 AM,Northern,M,50 to 59,12533,4508,35.97
01/01/2016 12:00:00 AM,Northern,M,60 to 69,11657,6505,55.8
01/01/2016 12:00:00 AM,Northern,M,70 to 79,6976,5147,73.78
01/01/2016 12:00:00 AM,Northern,M,80 +,3291,2703,82.13
01/01/2016 12:00:00 AM,Unknown,F,20 to 29,5404,36,0.67
01/01/2016 12:00:00 AM,Unknown,F,30 to 39,4096,164,4
01/01/2016 12:00:00 AM,Unknown,F,40 to 49,3730,398,10.67
01/01/2016 12:00:00 AM,Unknown,F,50 to 59,3854,794,20.6
01/01/2016 12:00:00 AM,Unknown,F,60 to 69,3207,1321,41.19
01/01/2016 12:00:00 AM,Unknown,F,70 to 79,1879,1163,61.89
01/01/2016 12:00:00 AM,Unknown,F,80 +,1307,974,74.52
01/01/2016 12:00:00 AM,Unknown,M,20 to 29,4752,53,1.12
01/01/2016 12:00:00 AM,Unknown,M,30 to 39,3811,149,3.91
01/01/2016 12:00:00 AM,Unknown,M,40 to 49,3555,402,11.31
01/01/2016 12:00:00 AM,Unknown,M,50 to 59,3695,827,22.38
01/01/2016 12:00:00 AM,Unknown,M,60 to 69,2988,1253,41.93
01/01/2016 12:00:00 AM,Unknown,M,70 to 79,1686,1020,60.5
01/01/2016 12:00:00 AM,Unknown,M,80 +,915,593,64.81
01/01/2016 12:00:00 AM,Western,F,20 to 29,10550,139,1.32
01/01/2016 12:00:00 AM,Western,F,30 to 39,11139,693,6.22
01/01/2016 12:00:00 AM,Western,F,40 to 49,13250,2147,16.2
01/01/2016 12:00:00 AM,Western,F,50 to 59,18168,5651,31.1
01/01/2016 12:00:00 AM,Western,F,60 to 69,16967,8637,50.9
01/01/2016 12:00:00 AM,Western,F,70 to 79,10957,7811,71.29
01/01/2016 12:00:00 AM,Western,F,80 +,7609,6420,84.37
01/01/2016 12:00:00 AM,Western,M,20 to 29,10933,139,1.27
01/01/2016 12:00:00 AM,Western,M,30 to 39,10703,643,6.01
01/01/2016 12:00:00 AM,Western,M,40 to 49,12824,2144,16.72
01/01/2016 12:00:00 AM,Western,M,50 to 59,17578,5882,33.46
01/01/2016 12:00:00 AM,Western,M,60 to 69,16381,8650,52.81
01/01/2016 12:00:00 AM,Western,M,70 to 79,10252,7038,68.65
01/01/2016 12:00:00 AM,Western,M,80 +,5161,4073,78.92
01/01/2017 12:00:00 AM,Central,F,20 to 29,30800,186,0.6
01/01/2017 12:00:00 AM,Central,F,30 to 39,33816,1235,3.65
01/01/2017 12:00:00 AM,Central,F,40 to 49,32959,3807,11.55
01/01/2017 12:00:00 AM,Central,F,50 to 59,35639,9431,26.46
01/01/2017 12:00:00 AM,Central,F,60 to 69,28423,13062,45.96
01/01/2017 12:00:00 AM,Central,F,70 to 79,17312,11779,68.04
01/01/2017 12:00:00 AM,Central,F,80 +,11033,9219,83.56
01/01/2017 12:00:00 AM,Central,M,20 to 29,30861,293,0.95
01/01/2017 12:00:00 AM,Central,M,30 to 39,32270,1433,4.44
01/01/2017 12:00:00 AM,Central,M,40 to 49,31342,3978,12.69
01/01/2017 12:00:00 AM,Central,M,50 to 59,34451,9821,28.51
01/01/2017 12:00:00 AM,Central,M,60 to 69,26625,13124,49.29
01/01/2017 12:00:00 AM,Central,M,70 to 79,15288,10508,68.73
01/01/2017 12:00:00 AM,Central,M,80 +,6998,5635,80.52
01/01/2017 12:00:00 AM,Eastern,F,20 to 29,8796,112,1.27
01/01/2017 12:00:00 AM,Eastern,F,30 to 39,8850,562,6.35
01/01/2017 12:00:00 AM,Eastern,F,40 to 49,10009,1807,18.05
01/01/2017 12:00:00 AM,Eastern,F,50 to 59,13312,4695,35.27
01/01/2017 12:00:00 AM,Eastern,F,60 to 69,13569,7338,54.08
01/01/2017 12:00:00 AM,Eastern,F,70 to 79,8984,6693,74.5
01/01/2017 12:00:00 AM,Eastern,F,80 +,6016,5184,86.17
01/01/2017 12:00:00 AM,Eastern,M,20 to 29,9258,124,1.34
01/01/2017 12:00:00 AM,Eastern,M,30 to 39,9108,578,6.35
01/01/2017 12:00:00 AM,Eastern,M,40 to 49,10037,1781,17.74
01/01/2017 12:00:00 AM,Eastern,M,50 to 59,12883,4560,35.4
01/01/2017 12:00:00 AM,Eastern,M,60 to 69,13174,7263,55.13
01/01/2017 12:00:00 AM,Eastern,M,70 to 79,8214,5950,72.44
01/01/2017 12:00:00 AM,Eastern,M,80 +,3781,3090,81.72
01/01/2017 12:00:00 AM,Northern,F,20 to 29,8411,95,1.13
01/01/2017 12:00:00 AM,Northern,F,30 to 39,8922,527,5.91
01/01/2017 12:00:00 AM,Northern,F,40 to 49,10466,1664,15.9
01/01/2017 12:00:00 AM,Northern,F,50 to 59,12756,3980,31.2
01/01/2017 12:00:00 AM,Northern,F,60 to 69,12032,6263,52.05
01/01/2017 12:00:00 AM,Northern,F,70 to 79,7789,5562,71.41
01/01/2017 12:00:00 AM,Northern,F,80 +,5148,4398,85.43
01/01/2017 12:00:00 AM,Northern,M,20 to 29,8905,106,1.19
01/01/2017 12:00:00 AM,Northern,M,30 to 39,8747,528,6.04
01/01/2017 12:00:00 AM,Northern,M,40 to 49,10358,1655,15.98
01/01/2017 12:00:00 AM,Northern,M,50 to 59,12396,4183,33.74
01/01/2017 12:00:00 AM,Northern,M,60 to 69,11845,6392,53.96
01/01/2017 12:00:00 AM,Northern,M,70 to 79,7359,5292,71.91
01/01/2017 12:00:00 AM,Northern,M,80 +,3460,2827,81.71
01/01/2017 12:00:00 AM,Unknown,F,20 to 29,4386,32,0.73
01/01/2017 12:00:00 AM,Unknown,F,30 to 39,3602,118,3.28
01/01/2017 12:00:00 AM,Unknown,F,40 to 49,3334,323,9.69
01/01/2017 12:00:00 AM,Unknown,F,50 to 59,3482,662,19.01
01/01/2017 12:00:00 AM,Unknown,F,60 to 69,3031,1171,38.63
01/01/2017 12:00:00 AM,Unknown,F,70 to 79,1918,1137,59.28
01/01/2017 12:00:00 AM,Unknown,F,80 +,1261,914,72.48
01/01/2017 12:00:00 AM,Unknown,M,20 to 29,3809,34,0.89
01/01/2017 12:00:00 AM,Unknown,M,30 to 39,3447,119,3.45
01/01/2017 12:00:00 AM,Unknown,M,40 to 49,3179,337,10.6
01/01/2017 12:00:00 AM,Unknown,M,50 to 59,3381,691,20.44
01/01/2017 12:00:00 AM,Unknown,M,60 to 69,2814,1099,39.05
01/01/2017 12:00:00 AM,Unknown,M,70 to 79,1724,999,57.95
01/01/2017 12:00:00 AM,Unknown,M,80 +,951,604,63.51
01/01/2017 12:00:00 AM,Western,F,20 to 29,10805,112,1.04
01/01/2017 12:00:00 AM,Western,F,30 to 39,11306,620,5.48
01/01/2017 12:00:00 AM,Western,F,40 to 49,13165,1959,14.88
01/01/2017 12:00:00 AM,Western,F,50 to 59,17921,5259,29.35
01/01/2017 12:00:00 AM,Western,F,60 to 69,17310,8324,48.09
01/01/2017 12:00:00 AM,Western,F,70 to 79,11653,8035,68.95
01/01/2017 12:00:00 AM,Western,F,80 +,7745,6477,83.63
01/01/2017 12:00:00 AM,Western,M,20 to 29,11171,120,1.07
01/01/2017 12:00:00 AM,Western,M,30 to 39,10847,566,5.22
01/01/2017 12:00:00 AM,Western,M,40 to 49,12697,1951,15.37
01/01/2017 12:00:00 AM,Western,M,50 to 59,17255,5435,31.5
01/01/2017 12:00:00 AM,Western,M,60 to 69,16723,8458,50.58
01/01/2017 12:00:00 AM,Western,M,70 to 79,10927,7322,67.01
01/01/2017 12:00:00 AM,Western,M,80 +,5355,4200,78.43
